<?xml version="1.0" encoding="UTF-8"?>
<GenRun Id="impl_1" LaunchPart="xc7a200tfbg484-2" LaunchTime="1677215236">
  <File Type="WBT-USG" Name="usage_statistics_webtalk.html"/>
  <File Type="RDI-RDI" Name="ibert_7series_gtp_0.vdi"/>
  <File Type="BG-DRC" Name="ibert_7series_gtp_0.drc"/>
  <File Type="BG-BGN" Name="ibert_7series_gtp_0.bgn"/>
  <File Type="BITSTR-SYSDEF" Name="ibert_7series_gtp_0.sysdef"/>
  <File Type="BITSTR-LTX" Name="debug_nets.ltx"/>
  <File Type="BITSTR-LTX" Name="ibert_7series_gtp_0.ltx"/>
  <File Type="BITSTR-MMI" Name="ibert_7series_gtp_0.mmi"/>
  <File Type="BITSTR-BMM" Name="ibert_7series_gtp_0_bd.bmm"/>
  <File Type="BITSTR-NKY" Name="ibert_7series_gtp_0.nky"/>
  <File Type="BITSTR-RBT" Name="ibert_7series_gtp_0.rbt"/>
  <File Type="BITSTR-MSK" Name="ibert_7series_gtp_0.msk"/>
  <File Type="BG-BIN" Name="ibert_7series_gtp_0.bin"/>
  <File Type="BG-BIT" Name="ibert_7series_gtp_0.bit"/>
  <File Type="POSTROUTE-PHYSOPT-BUS-SKEW-RPX" Name="ibert_7series_gtp_0_bus_skew_postroute_physopted.rpx"/>
  <File Type="POSTROUTE-PHYSOPT-BUS-SKEW-PB" Name="ibert_7series_gtp_0_bus_skew_postroute_physopted.pb"/>
  <File Type="POSTROUTE-PHYSOPT-BUS-SKEW" Name="ibert_7series_gtp_0_bus_skew_postroute_physopted.rpt"/>
  <File Type="POSTROUTE-PHYSOPT-TIMING-RPX" Name="ibert_7series_gtp_0_timing_summary_postroute_physopted.rpx"/>
  <File Type="POSTROUTE-PHYSOPT-TIMING-PB" Name="ibert_7series_gtp_0_timing_summary_postroute_physopted.pb"/>
  <File Type="POSTROUTE-PHYSOPT-TIMING" Name="ibert_7series_gtp_0_timing_summary_postroute_physopted.rpt"/>
  <File Type="POSTROUTE-PHYSOPT-BLACKBOX-DCP" Name="ibert_7series_gtp_0_postroute_physopt_bb.dcp"/>
  <File Type="POSTROUTE-PHYSOPT-DCP" Name="ibert_7series_gtp_0_postroute_physopt.dcp"/>
  <File Type="ROUTE-BUS-SKEW-RPX" Name="ibert_7series_gtp_0_bus_skew_routed.rpx"/>
  <File Type="INIT-TIMING" Name="ibert_7series_gtp_0_timing_summary_init.rpt"/>
  <File Type="OPT-DCP" Name="ibert_7series_gtp_0_opt.dcp"/>
  <File Type="OPT-DRC" Name="ibert_7series_gtp_0_drc_opted.rpt"/>
  <File Type="POSTPLACE-PWROPT-TIMING" Name="ibert_7series_gtp_0_timing_summary_postplace_pwropted.rpt"/>
  <File Type="OPT-METHODOLOGY-DRC" Name="ibert_7series_gtp_0_methodology_drc_opted.rpt"/>
  <File Type="PLACE-UTIL" Name="ibert_7series_gtp_0_utilization_placed.rpt"/>
  <File Type="OPT-HWDEF" Name="ibert_7series_gtp_0.hwdef"/>
  <File Type="PHYSOPT-TIMING" Name="ibert_7series_gtp_0_timing_summary_physopted.rpt"/>
  <File Type="PA-TCL" Name="ibert_7series_gtp_0.tcl"/>
  <File Type="OPT-TIMING" Name="ibert_7series_gtp_0_timing_summary_opted.rpt"/>
  <File Type="PWROPT-DCP" Name="ibert_7series_gtp_0_pwropt.dcp"/>
  <File Type="PWROPT-DRC" Name="ibert_7series_gtp_0_drc_pwropted.rpt"/>
  <File Type="REPORTS-TCL" Name="ibert_7series_gtp_0_reports.tcl"/>
  <File Type="PWROPT-TIMING" Name="ibert_7series_gtp_0_timing_summary_pwropted.rpt"/>
  <File Type="PLACE-DCP" Name="ibert_7series_gtp_0_placed.dcp"/>
  <File Type="PLACE-IO" Name="ibert_7series_gtp_0_io_placed.rpt"/>
  <File Type="PLACE-CLK" Name="ibert_7series_gtp_0_clock_utilization_placed.rpt"/>
  <File Type="PLACE-UTIL-PB" Name="ibert_7series_gtp_0_utilization_placed.pb"/>
  <File Type="ROUTE-METHODOLOGY-DRC" Name="ibert_7series_gtp_0_methodology_drc_routed.rpt"/>
  <File Type="PLACE-CTRL" Name="ibert_7series_gtp_0_control_sets_placed.rpt"/>
  <File Type="ROUTE-METHODOLOGY-DRC-PB" Name="ibert_7series_gtp_0_methodology_drc_routed.pb"/>
  <File Type="PLACE-SIMILARITY" Name="ibert_7series_gtp_0_incremental_reuse_placed.rpt"/>
  <File Type="ROUTE-DRC-RPX" Name="ibert_7series_gtp_0_drc_routed.rpx"/>
  <File Type="PLACE-PRE-SIMILARITY" Name="ibert_7series_gtp_0_incremental_reuse_pre_placed.rpt"/>
  <File Type="ROUTE-METHODOLOGY-DRC-RPX" Name="ibert_7series_gtp_0_methodology_drc_routed.rpx"/>
  <File Type="PLACE-TIMING" Name="ibert_7series_gtp_0_timing_summary_placed.rpt"/>
  <File Type="POSTPLACE-PWROPT-DCP" Name="ibert_7series_gtp_0_postplace_pwropt.dcp"/>
  <File Type="PHYSOPT-DCP" Name="ibert_7series_gtp_0_physopt.dcp"/>
  <File Type="PHYSOPT-DRC" Name="ibert_7series_gtp_0_drc_physopted.rpt"/>
  <File Type="ROUTE-ERROR-DCP" Name="ibert_7series_gtp_0_routed_error.dcp"/>
  <File Type="ROUTE-DCP" Name="ibert_7series_gtp_0_routed.dcp"/>
  <File Type="ROUTE-BLACKBOX-DCP" Name="ibert_7series_gtp_0_routed_bb.dcp"/>
  <File Type="ROUTE-DRC" Name="ibert_7series_gtp_0_drc_routed.rpt"/>
  <File Type="ROUTE-DRC-PB" Name="ibert_7series_gtp_0_drc_routed.pb"/>
  <File Type="ROUTE-PWR" Name="ibert_7series_gtp_0_power_routed.rpt"/>
  <File Type="ROUTE-PWR-SUM" Name="ibert_7series_gtp_0_power_summary_routed.pb"/>
  <File Type="ROUTE-PWR-RPX" Name="ibert_7series_gtp_0_power_routed.rpx"/>
  <File Type="ROUTE-STATUS" Name="ibert_7series_gtp_0_route_status.rpt"/>
  <File Type="ROUTE-STATUS-PB" Name="ibert_7series_gtp_0_route_status.pb"/>
  <File Type="ROUTE-TIMINGSUMMARY" Name="ibert_7series_gtp_0_timing_summary_routed.rpt"/>
  <File Type="ROUTE-TIMING-PB" Name="ibert_7series_gtp_0_timing_summary_routed.pb"/>
  <File Type="ROUTE-TIMING-RPX" Name="ibert_7series_gtp_0_timing_summary_routed.rpx"/>
  <File Type="ROUTE-SIMILARITY" Name="ibert_7series_gtp_0_incremental_reuse_routed.rpt"/>
  <File Type="ROUTE-CLK" Name="ibert_7series_gtp_0_clock_utilization_routed.rpt"/>
  <File Type="ROUTE-BUS-SKEW" Name="ibert_7series_gtp_0_bus_skew_routed.rpt"/>
  <File Type="ROUTE-BUS-SKEW-PB" Name="ibert_7series_gtp_0_bus_skew_routed.pb"/>
  <FileSet Name="sources" Type="DesignSrcs" RelSrcDir="$PSRCDIR/sources_1">
    <Filter Type="Srcs"/>
    <File Path="$PSRCDIR/sources_1/ip/ibert_7series_gtp_0/ibert_7series_gtp_0.xci">
      <FileInfo>
        <Attr Name="UsedIn" Val="synthesis"/>
        <Attr Name="UsedIn" Val="implementation"/>
        <Attr Name="UsedIn" Val="simulation"/>
      </FileInfo>
    </File>
    <File Path="$PSRCDIR/sources_1/ip/ibert_7series_gtp_0/ibert_7series_gtp_0.upgrade_log"/>
    <Config>
      <Option Name="DesignMode" Val="RTL"/>
      <Option Name="TopModule" Val="ibert_7series_gtp_0"/>
      <Option Name="TopAutoSet" Val="TRUE"/>
    </Config>
  </FileSet>
  <FileSet Name="constrs_in" Type="Constrs" RelSrcDir="$PSRCDIR/constrs_1">
    <Filter Type="Constrs"/>
    <Config>
      <Option Name="ConstrsType" Val="XDC"/>
    </Config>
  </FileSet>
  <FileSet Name="utils" Type="Utils" RelSrcDir="$PSRCDIR/utils_1">
    <Filter Type="Utils"/>
    <Config>
      <Option Name="TopAutoSet" Val="TRUE"/>
    </Config>
  </FileSet>
  <Strategy Version="1" Minor="2">
    <StratHandle Name="Vivado Implementation Defaults" Flow="Vivado Implementation 2015"/>
    <Step Id="init_design"/>
    <Step Id="opt_design"/>
    <Step Id="power_opt_design"/>
    <Step Id="place_design"/>
    <Step Id="post_place_power_opt_design"/>
    <Step Id="phys_opt_design"/>
    <Step Id="route_design"/>
    <Step Id="post_route_phys_opt_design"/>
    <Step Id="write_bitstream"/>
  </Strategy>
</GenRun>
