<?xml version="1.0"?>
<Runs Version="1" Minor="0">
	<Run Id="sys_pll_synth_1" LaunchDir="I:/ax7101_2019.1/demo/08_audio_record_play/audio_record_play/audio_record_play.runs/sys_pll_synth_1" FlowId="Vivado_Synthesis" FromStepId="vivado" ToStepId="vivado"/>
	<Run Id="afifo_64_256_synth_1" LaunchDir="I:/ax7101_2019.1/demo/08_audio_record_play/audio_record_play/audio_record_play.runs/afifo_64_256_synth_1" FlowId="Vivado_Synthesis" FromStepId="vivado" ToStepId="vivado"/>
	<Run Id="synth_1" LaunchDir="I:/ax7101_2019.1/demo/08_audio_record_play/audio_record_play/audio_record_play.runs/synth_1" FlowId="Vivado_Synthesis" FromStepId="vivado" ToStepId="vivado">
		<Parent Id="sys_pll_synth_1"/>
		<Parent Id="afifo_64_256_synth_1"/>
	</Run>
	<Parameters>
		<Parameter Name="runs.monitorLSFJobs" Val="true" Type="bool"/>
	</Parameters>
</Runs>

