<?xml version="1.0" encoding="UTF-8"?>
<GenRun Id="synth_1" LaunchPart="xc7a200tfbg484-2" LaunchTime="1677214955">
  <File Type="VDS-TIMINGSUMMARY" Name="example_ibert_7series_gtp_0_timing_summary_synth.rpt"/>
  <File Type="RDS-DCP" Name="example_ibert_7series_gtp_0.dcp"/>
  <File Type="RDS-UTIL-PB" Name="example_ibert_7series_gtp_0_utilization_synth.pb"/>
  <File Type="RDS-UTIL" Name="example_ibert_7series_gtp_0_utilization_synth.rpt"/>
  <File Type="RDS-PROPCONSTRS" Name="example_ibert_7series_gtp_0_drc_synth.rpt"/>
  <File Type="RDS-RDS" Name="example_ibert_7series_gtp_0.vds"/>
  <File Type="REPORTS-TCL" Name="example_ibert_7series_gtp_0_reports.tcl"/>
  <File Type="VDS-TIMING-PB" Name="example_ibert_7series_gtp_0_timing_summary_synth.pb"/>
  <File Type="PA-TCL" Name="example_ibert_7series_gtp_0.tcl"/>
  <FileSet Name="sources" Type="DesignSrcs" RelSrcDir="$PSRCDIR/sources_1">
    <Filter Type="Srcs"/>
    <File Path="$PSRCDIR/sources_1/ip/ibert_7series_gtp_0/ibert_7series_gtp_0.xci">
      <FileInfo>
        <Attr Name="ImportPath" Val="$PPRDIR/../iber_demo_1g/iber_demo_1g.srcs/sources_1/ip/ibert_7series_gtp_0/ibert_7series_gtp_0.xci"/>
        <Attr Name="ImportTime" Val="1503977463"/>
        <Attr Name="UsedIn" Val="synthesis"/>
        <Attr Name="UsedIn" Val="implementation"/>
        <Attr Name="UsedIn" Val="simulation"/>
      </FileInfo>
    </File>
    <File Path="$PSRCDIR/sources_1/imports/example_design/example_ibert_7series_gtp_0.v">
      <FileInfo>
        <Attr Name="ImportPath" Val="$PPRDIR/../iber_demo_1g/iber_demo_1g.srcs/sources_1/ip/ibert_7series_gtp_0/ibert_7series_gtp_0/example_design/example_ibert_7series_gtp_0.v"/>
        <Attr Name="ImportTime" Val="1503977523"/>
        <Attr Name="UsedIn" Val="synthesis"/>
        <Attr Name="UsedIn" Val="implementation"/>
        <Attr Name="UsedIn" Val="simulation"/>
      </FileInfo>
    </File>
    <File Path="$PSRCDIR/sources_1/imports/example_design/xdc_7ser_gtp.txt">
      <FileInfo>
        <Attr Name="ImportPath" Val="$PPRDIR/../iber_demo_1g/iber_demo_1g.srcs/sources_1/ip/ibert_7series_gtp_0/ibert_7series_gtp_0/example_design/xdc_7ser_gtp.txt"/>
        <Attr Name="ImportTime" Val="1503977523"/>
      </FileInfo>
    </File>
    <File Path="$PSRCDIR/sources_1/imports/example_design/example_top_verilog.txt">
      <FileInfo>
        <Attr Name="ImportPath" Val="$PPRDIR/../iber_demo_1g/iber_demo_1g.srcs/sources_1/ip/ibert_7series_gtp_0/ibert_7series_gtp_0/example_design/example_top_verilog.txt"/>
        <Attr Name="ImportTime" Val="1503977523"/>
      </FileInfo>
    </File>
    <Config>
      <Option Name="DesignMode" Val="RTL"/>
      <Option Name="TopModule" Val="example_ibert_7series_gtp_0"/>
    </Config>
  </FileSet>
  <FileSet Name="constrs_in" Type="Constrs" RelSrcDir="$PSRCDIR/constrs_1">
    <Filter Type="Constrs"/>
    <File Path="$PSRCDIR/constrs_1/imports/example_design/example_ibert_7series_gtp_0.xdc">
      <FileInfo>
        <Attr Name="ImportPath" Val="$PPRDIR/../iber_demo_1g/iber_demo_1g.srcs/sources_1/ip/ibert_7series_gtp_0/ibert_7series_gtp_0/example_design/example_ibert_7series_gtp_0.xdc"/>
        <Attr Name="ImportTime" Val="1503977523"/>
        <Attr Name="UsedIn" Val="synthesis"/>
        <Attr Name="UsedIn" Val="implementation"/>
      </FileInfo>
    </File>
    <Config>
      <Option Name="ConstrsType" Val="XDC"/>
    </Config>
  </FileSet>
  <FileSet Name="utils" Type="Utils" RelSrcDir="$PSRCDIR/utils_1">
    <Filter Type="Utils"/>
    <Config>
      <Option Name="TopAutoSet" Val="TRUE"/>
    </Config>
  </FileSet>
  <Strategy Version="1" Minor="2">
    <StratHandle Name="Vivado Synthesis Defaults" Flow="Vivado Synthesis 2015"/>
    <Step Id="synth_design"/>
  </Strategy>
</GenRun>
