index,value
0,-14.0
1,-14.0
2,-14.0
3,-14.0
4,-14.0
5,-14.0
6,-14.0
7,-14.0
8,-14.0
9,-14.0
10,-14.0
11,-14.0
12,-14.0
13,-14.0
14,-14.0
15,-14.0
16,-14.0
17,-14.0
18,-14.0
19,-14.0
20,-14.0
21,-14.0
22,-14.0
23,-14.0
24,-14.0
25,-14.0
26,-14.0
27,-14.0
28,-14.0
29,-14.0
30,-14.0
31,-14.0
32,-14.0
33,-14.0
34,-14.0
35,-14.0
36,-14.0
37,-14.0
38,-14.0
39,-14.0
40,-14.0
41,-14.0
42,-14.0
43,-14.0
44,-14.0
45,-14.0
46,-14.0
47,-14.0
48,-14.0
49,-14.0
50,-14.0
51,-14.0
52,-14.0
53,-14.0
54,-14.0
55,-14.0
56,-14.0
57,-14.0
58,-14.0
59,-14.0
60,-14.0
61,-14.0
62,-14.0
63,-14.0
64,-14.0
65,-14.0
66,-14.0
67,-14.0
68,-14.0
69,-14.0
70,-14.0
71,-14.0
72,-14.0
73,-14.0
74,-14.0
75,-14.0
76,-14.0
77,-14.0
78,-14.0
79,-14.0
80,-14.0
81,-14.0
82,-14.0
83,-14.0
84,-14.0
85,-14.0
86,-14.0
87,-14.0
88,-14.0
89,-14.0
90,-14.0
91,-14.0
92,-14.0
93,-14.0
94,-14.0
95,-14.0
96,-14.0
97,-14.0
98,-14.0
99,-14.0
100,-14.0
101,-14.0
102,-14.0
103,-14.0
104,-14.0
105,-14.0
106,-14.0
107,-14.0
108,-14.0
109,-14.0
110,-14.0
111,-14.0
112,-14.0
113,-14.0
114,-14.0
115,-14.0
116,-14.0
117,-14.0
118,-14.0
119,-14.0
120,-14.0
121,-14.0
122,-14.0
123,-14.0
124,-14.0
125,-14.0
126,-14.0
127,-14.0
128,-14.0
129,-14.0
130,-14.0
131,-14.0
132,-14.0
133,-14.0
134,-14.0
135,-14.0
136,-14.0
137,-14.0
138,-14.0
139,-14.0
140,-14.0
141,-14.0
142,-14.0
143,-14.0
144,-14.0
145,-14.0
146,-14.0
147,-14.0
148,-14.0
149,-14.0
150,-14.0
151,-14.0
152,-14.0
153,-14.0
154,-14.0
155,-14.0
156,-14.0
157,-14.0
158,-14.0
159,-14.0
160,-14.0
161,-14.0
162,-14.0
163,-14.0
164,-14.0
165,-14.0
166,-14.0
167,-14.0
168,-14.0
169,-14.0
170,-14.0
171,-14.0
172,-14.0
173,-14.0
174,-14.0
175,-14.0
176,-14.0
177,-14.0
178,-14.0
179,-14.0
180,-14.0
181,-14.0
182,-14.0
183,-14.0
184,-14.0
185,-14.0
186,-14.0
187,-14.0
188,-14.0
189,-14.0
190,-14.0
191,-14.0
192,-14.0
193,-14.0
194,-14.0
195,-14.0
196,-14.0
197,-14.0
198,-14.0
199,-14.0
200,-14.0
201,-14.0
202,-14.0
203,-14.0
204,-14.0
205,-14.0
206,-14.0
207,-14.0
208,-14.0
209,-14.0
210,-14.0
211,-14.0
212,-14.0
213,-14.0
214,-14.0
215,-14.0
216,-14.0
217,-14.0
218,-14.0
219,-14.0
220,-14.0
221,-14.0
222,-14.0
223,-14.0
224,-14.0
225,-14.0
226,-14.0
227,-14.0
228,-14.0
229,-14.0
230,-14.0
231,-14.0
232,-14.0
233,-14.0
234,-14.0
235,-14.0
236,-14.0
237,-14.0
238,-14.0
239,-14.0
240,-14.0
241,-14.0
242,-14.0
243,-14.0
244,-14.0
245,-14.0
246,-14.0
247,-14.0
248,-14.0
249,-14.0
250,-14.0
251,-14.0
252,-14.0
253,-14.0
254,-14.0
255,-14.0
256,-14.0
257,-14.0
258,-14.0
259,-14.0
260,-14.0
261,-14.0
262,-14.0
263,-14.0
264,-14.0
265,-14.0
266,-14.0
267,-14.0
268,-14.0
269,-14.0
270,-14.0
271,-14.0
272,-14.0
273,-14.0
274,-14.0
275,-14.0
276,-14.0
277,-14.0
278,-14.0
279,-14.0
280,-14.0
281,-14.0
282,-14.0
283,-14.0
284,-14.0
285,-14.0
286,-14.0
287,-14.0
288,-14.0
289,-14.0
290,-14.0
291,-14.0
292,-14.0
293,-14.0
294,-14.0
295,-14.0
296,-14.0
297,-14.0
298,-14.0
299,-14.0
300,-14.0
301,-14.0
302,-14.0
303,-14.0
304,-14.0
305,-14.0
306,-14.0
307,-14.0
308,-14.0
309,-14.0
310,-14.0
311,-14.0
312,-14.0
313,-14.0
314,-14.0
315,-14.0
316,-14.0
317,-14.0
318,-14.0
319,-14.0
320,-14.0
321,-14.0
322,-14.0
323,-14.0
324,-14.0
325,-14.0
326,-14.0
327,-14.0
328,-14.0
329,-14.0
330,-14.0
331,-14.0
332,-14.0
333,-14.0
334,-14.0
335,-14.0
336,-14.0
337,-14.0
338,-14.0
339,-14.0
340,-14.0
341,-14.0
342,-14.0
343,-14.0
344,-14.0
345,-14.0
346,-14.0
347,-14.0
348,-14.0
349,-14.0
350,-14.0
351,-14.0
352,-14.0
353,-14.0
354,-14.0
355,-14.0
356,-14.0
357,-14.0
358,-14.0
359,-14.0
360,-14.0
361,-14.0
362,-14.0
363,-14.0
364,-14.0
365,-14.0
366,-14.0
367,-14.0
368,-14.0
369,-14.0
370,-14.0
371,-14.0
372,-14.0
373,-14.0
374,-14.0
375,-14.0
376,-14.0
377,-14.0
378,-14.0
379,-14.0
380,-14.0
381,-14.0
382,-14.0
383,-14.0
384,-14.0
385,-14.0
386,-14.0
387,-14.0
388,-14.0
389,-14.0
390,-14.0
391,-14.0
392,-14.0
393,-14.0
394,-14.0
395,-14.0
396,-14.0
397,-14.0
398,-14.0
399,-14.0
400,-14.0
401,-14.0
402,-14.0
403,-14.0
404,-14.0
405,-14.0
406,-14.0
407,-14.0
408,-14.0
409,-14.0
410,-14.0
411,-14.0
412,-14.0
413,-14.0
414,-14.0
415,-14.0
416,-14.0
417,-14.0
418,-14.0
419,-14.0
420,-14.0
421,-14.0
422,-14.0
423,-14.0
424,-14.0
425,-14.0
426,-14.0
427,-14.0
428,-14.0
429,-14.0
430,-14.0
431,-14.0
432,-14.0
433,-14.0
434,-14.0
435,-14.0
436,-14.0
437,-14.0
438,-14.0
439,-14.0
440,-14.0
441,-14.0
442,-14.0
443,-14.0
444,-14.0
445,-14.0
446,-14.0
447,-14.0
448,-14.0
449,-14.0
450,-14.0
451,-14.0
452,-14.0
453,-14.0
454,-14.0
455,-14.0
456,-14.0
457,-14.0
458,-14.0
459,-14.0
460,-14.0
461,-14.0
462,-14.0
463,-14.0
464,-14.0
465,-14.0
466,-14.0
467,-14.0
468,-14.0
469,-14.0
470,-14.0
471,-14.0
472,-14.0
473,-14.0
474,-14.0
475,-14.0
476,-14.0
477,-14.0
478,-14.0
479,-14.0
480,-14.0
481,-14.0
482,-14.0
483,-14.0
484,-14.0
485,-14.0
486,-14.0
487,-14.0
488,-14.0
489,-14.0
490,-14.0
491,-14.0
492,-14.0
493,-14.0
494,-14.0
495,-14.0
496,-14.0
497,-14.0
498,-14.0
499,-14.0
500,-14.0
501,-14.0
502,-14.0
503,-14.0
504,-14.0
505,-14.0
506,-14.0
507,-14.0
508,-14.0
509,-14.0
510,-14.0
511,-14.0
512,-14.0
513,-14.0
514,-14.0
515,-14.0
516,-14.0
517,-14.0
518,-14.0
519,-14.0
520,-14.0
521,-14.0
522,-14.0
523,-14.0
524,-14.0
525,-14.0
526,-14.0
527,-14.0
528,-14.0
529,-14.0
530,-14.0
531,-14.0
532,-14.0
533,-14.0
534,-14.0
535,-14.0
536,-14.0
537,-14.0
538,-14.0
539,-14.0
540,-14.0
541,-14.0
542,-14.0
543,-14.0
544,-14.0
545,-14.0
546,-14.0
547,-14.0
548,-14.0
549,-14.0
550,-14.0
551,-14.0
552,-14.0
553,-14.0
554,-14.0
555,-14.0
556,-14.0
557,-14.0
558,-14.0
559,-14.0
560,-14.0
561,-14.0
562,-14.0
563,-14.0
564,-14.0
565,-14.0
566,-14.0
567,-14.0
568,-14.0
569,-14.0
570,-14.0
571,-14.0
572,-14.0
573,-14.0
574,-14.0
575,-14.0
576,-14.0
577,-14.0
578,-14.0
579,-14.0
580,-14.0
581,-14.0
582,-14.0
583,-14.0
584,-14.0
585,-14.0
586,-14.0
587,-14.0
588,-14.0
589,-14.0
590,-14.0
591,-14.0
592,-14.0
593,-14.0
594,-14.0
595,-14.0
596,-14.0
597,-14.0
598,-14.0
599,-14.0
600,-14.0
601,-14.0
602,-14.0
603,-14.0
604,-14.0
605,-14.0
606,-14.0
607,-14.0
608,-14.0
609,-14.0
610,-14.0
611,-14.0
612,-14.0
613,-14.0
614,-14.0
615,-14.0
616,-14.0
617,-14.0
618,-14.0
619,-14.0
620,-14.0
621,-14.0
622,-14.0
623,-14.0
624,-14.0
625,-14.0
626,-14.0
627,-14.0
628,-14.0
629,-14.0
630,-14.0
631,-14.0
632,-14.0
633,-14.0
634,-14.0
635,-14.0
636,-14.0
637,-14.0
638,-14.0
639,-14.0
640,-14.0
641,-14.0
642,-14.0
643,-14.0
644,-14.0
645,-14.0
646,-14.0
647,-14.0
648,-14.0
649,-14.0
650,-14.0
651,-14.0
652,-14.0
653,-14.0
654,-14.0
655,-14.0
656,-14.0
657,-14.0
658,-14.0
659,-14.0
660,-14.0
661,-14.0
662,-14.0
663,-14.0
664,-14.0
665,-14.0
666,-14.0
667,-14.0
668,-14.0
669,-14.0
670,-14.0
671,-14.0
672,-14.0
673,-14.0
674,-14.0
675,-14.0
676,-14.0
677,-14.0
678,-14.0
679,-14.0
680,-14.0
681,-14.0
682,-14.0
683,-14.0
684,-14.0
685,-14.0
686,-14.0
687,-14.0
688,-14.0
689,-14.0
690,-14.0
691,-14.0
692,-14.0
693,-14.0
694,-14.0
695,-14.0
696,-14.0
697,-14.0
698,-14.0
699,-14.0
700,-14.0
701,-14.0
702,-14.0
703,-14.0
704,-14.0
705,-14.0
706,-14.0
707,-14.0
708,-14.0
709,-14.0
710,-14.0
711,-14.0
712,-14.0
713,-14.0
714,-14.0
715,-14.0
716,-14.0
717,-14.0
718,-14.0
719,-14.0
720,-14.0
721,-14.0
722,-14.0
723,-14.0
724,-14.0
725,-14.0
726,-14.0
727,-14.0
728,-14.0
729,-14.0
730,-14.0
731,-14.0
732,-14.0
733,-14.0
734,-14.0
735,-14.0
736,-14.0
737,-14.0
738,-14.0
739,-14.0
740,-14.0
741,-14.0
742,-14.0
743,-14.0
744,-14.0
745,-14.0
746,-14.0
747,-14.0
748,-14.0
749,-14.0
750,-14.0
751,-14.0
752,-14.0
753,-14.0
754,-14.0
755,-14.0
756,-14.0
757,-14.0
758,-14.0
759,-14.0
760,-14.0
761,-14.0
762,-14.0
763,-14.0
764,-14.0
765,-14.0
766,-14.0
767,-14.0
768,-14.0
769,-14.0
770,-14.0
771,-14.0
772,-14.0
773,-14.0
774,-14.0
775,-14.0
776,-14.0
777,-14.0
778,-14.0
779,-14.0
780,-14.0
781,-14.0
782,-14.0
783,-14.0
784,-14.0
785,-14.0
786,-14.0
787,-14.0
788,-14.0
789,-14.0
790,-14.0
791,-14.0
792,-14.0
793,-14.0
794,-14.0
795,-14.0
796,-14.0
797,-14.0
798,-14.0
799,-14.0
800,-14.0
801,-14.0
802,-14.0
803,-14.0
804,-14.0
805,-14.0
806,-14.0
807,-14.0
808,-14.0
809,-14.0
810,-14.0
811,-14.0
812,-14.0
813,-14.0
814,-14.0
815,-14.0
816,-14.0
817,-14.0
818,-14.0
819,-14.0
820,-14.0
821,-14.0
822,-14.0
823,-14.0
824,-14.0
825,-14.0
826,-14.0
827,-14.0
828,-14.0
829,-14.0
830,-14.0
831,-14.0
832,-14.0
833,-14.0
834,-14.0
835,-14.0
836,-14.0
837,-14.0
838,-14.0
839,-14.0
840,-14.0
841,-14.0
842,-14.0
843,-14.0
844,-14.0
845,-14.0
846,-14.0
847,-14.0
848,-14.0
849,-14.0
850,-14.0
851,-14.0
852,-14.0
853,-14.0
854,-14.0
855,-14.0
856,-14.0
857,-14.0
858,-14.0
859,-14.0
860,-14.0
861,-14.0
862,-14.0
863,-14.0
864,-14.0
865,-14.0
866,-14.0
867,-14.0
868,-14.0
869,-14.0
870,-14.0
871,-14.0
872,-14.0
873,-14.0
874,-14.0
875,-14.0
876,-14.0
877,-14.0
878,-14.0
879,-14.0
880,-14.0
881,-14.0
882,-14.0
883,-14.0
884,-14.0
885,-14.0
886,-14.0
887,-14.0
888,-14.0
889,-14.0
890,-14.0
891,-14.0
892,-14.0
893,-14.0
894,-14.0
895,-14.0
896,-14.0
897,-14.0
898,-14.0
899,-14.0
900,-14.0
901,-14.0
902,-14.0
903,-14.0
904,-14.0
905,-14.0
906,-14.0
907,-14.0
908,-14.0
909,-14.0
910,-14.0
911,-14.0
912,-14.0
913,-14.0
914,-14.0
915,-14.0
916,-14.0
917,-14.0
918,-14.0
919,-14.0
920,-14.0
921,-14.0
922,-14.0
923,-14.0
924,-14.0
925,-14.0
926,-14.0
927,-14.0
928,-14.0
929,-14.0
930,-14.0
931,-14.0
932,-14.0
933,-14.0
934,-14.0
935,-14.0
936,-14.0
937,-14.0
938,-14.0
939,-14.0
940,-14.0
941,-14.0
942,-14.0
943,-14.0
944,-14.0
945,-14.0
946,-14.0
947,-14.0
948,-14.0
949,-14.0
950,-14.0
951,-14.0
952,-14.0
953,-14.0
954,-14.0
955,-14.0
956,-14.0
957,-14.0
958,-14.0
959,-14.0
960,-14.0
961,-14.0
962,-14.0
963,-14.0
964,-14.0
965,-14.0
966,-14.0
967,-14.0
968,-14.0
969,-14.0
970,-14.0
971,-14.0
972,-14.0
973,-14.0
974,-14.0
975,-14.0
976,-14.0
977,-14.0
978,-14.0
979,-14.0
980,-14.0
981,-14.0
982,-14.0
983,-14.0
984,-14.0
985,-14.0
986,-14.0
987,-14.0
988,-14.0
989,-14.0
990,-14.0
991,-14.0
992,-14.0
993,-14.0
994,-14.0
995,-14.0
996,-14.0
997,-14.0
998,-14.0
999,-14.0
1000,-14.0
1001,-14.0
1002,-14.0
1003,-14.0
1004,-14.0
1005,-14.0
1006,-14.0
1007,-14.0
1008,-14.0
1009,-14.0
1010,-14.0
1011,-14.0
1012,-14.0
1013,-14.0
1014,-14.0
1015,-14.0
1016,-14.0
1017,-14.0
1018,-14.0
1019,-14.0
1020,-14.0
1021,-14.0
1022,-14.0
1023,-14.0
1024,-14.0
1025,-14.0
1026,-14.0
1027,-14.0
1028,-14.0
1029,-14.0
1030,-14.0
1031,-14.0
1032,-14.0
1033,-14.0
1034,-14.0
1035,-14.0
1036,-14.0
1037,-14.0
1038,-14.0
1039,-14.0
1040,-14.0
1041,-14.0
1042,-14.0
1043,-14.0
1044,-14.0
1045,-14.0
1046,-14.0
1047,-14.0
1048,-14.0
1049,-14.0
1050,-14.0
1051,-14.0
1052,-14.0
1053,-14.0
1054,-14.0
1055,-14.0
1056,-14.0
1057,-14.0
1058,-14.0
1059,-14.0
1060,-14.0
1061,-14.0
1062,-14.0
1063,-14.0
1064,-14.0
1065,-14.0
1066,-14.0
1067,-14.0
1068,-14.0
1069,-14.0
1070,-14.0
1071,-14.0
1072,-14.0
1073,-14.0
1074,-14.0
1075,-14.0
1076,-14.0
1077,-14.0
1078,-14.0
1079,-14.0
1080,-14.0
1081,-14.0
1082,-14.0
1083,-14.0
1084,-14.0
1085,-14.0
1086,-14.0
1087,-14.0
1088,-14.0
1089,-14.0
1090,-14.0
1091,-14.0
1092,-14.0
1093,-14.0
1094,-14.0
1095,-14.0
1096,-14.0
1097,-14.0
1098,-14.0
1099,-14.0
1100,-14.0
1101,-14.0
1102,-14.0
1103,-14.0
1104,-14.0
1105,-14.0
1106,-14.0
1107,-14.0
1108,-14.0
1109,-14.0
1110,-14.0
1111,-14.0
1112,-14.0
1113,-14.0
1114,-14.0
1115,-14.0
1116,-14.0
1117,-14.0
1118,-14.0
1119,-14.0
1120,-14.0
1121,-14.0
1122,-14.0
1123,-14.0
1124,-14.0
1125,-14.0
1126,-14.0
1127,-14.0
1128,-14.0
1129,-14.0
1130,-14.0
1131,-14.0
1132,-14.0
1133,-14.0
1134,-14.0
1135,-14.0
1136,-14.0
1137,-14.0
1138,-14.0
1139,-14.0
1140,-14.0
1141,-14.0
1142,-14.0
1143,-14.0
1144,-14.0
1145,-14.0
1146,-14.0
1147,-14.0
1148,-14.0
1149,-14.0
1150,-14.0
1151,-14.0
1152,-14.0
1153,-14.0
1154,-14.0
1155,-14.0
1156,-14.0
1157,-14.0
1158,-14.0
1159,-14.0
1160,-14.0
1161,-14.0
1162,-14.0
1163,-14.0
1164,-14.0
1165,-14.0
1166,-14.0
1167,-14.0
1168,-14.0
1169,-14.0
1170,-14.0
1171,-14.0
1172,-14.0
1173,-14.0
1174,-14.0
1175,-14.0
1176,-14.0
1177,-14.0
1178,-14.0
1179,-14.0
1180,-14.0
1181,-14.0
1182,-14.0
1183,-14.0
1184,-14.0
1185,-14.0
1186,-14.0
1187,-14.0
1188,-14.0
1189,-14.0
1190,-14.0
1191,-14.0
1192,-14.0
1193,-14.0
1194,-14.0
1195,-14.0
1196,-14.0
1197,-14.0
1198,-14.0
1199,-14.0
1200,-14.0
1201,-14.0
1202,-14.0
1203,-14.0
1204,-14.0
1205,-14.0
1206,-14.0
1207,-14.0
1208,-14.0
1209,-14.0
1210,-14.0
1211,-14.0
1212,-14.0
1213,-14.0
1214,-14.0
1215,-14.0
1216,-14.0
1217,-14.0
1218,-14.0
1219,-14.0
1220,-14.0
1221,-14.0
1222,-14.0
1223,-14.0
1224,-14.0
1225,-14.0
1226,-14.0
1227,-14.0
1228,-14.0
1229,-14.0
1230,-14.0
1231,-14.0
1232,-14.0
1233,-14.0
1234,-14.0
1235,-14.0
1236,-14.0
1237,-14.0
1238,-14.0
1239,-14.0
1240,-14.0
1241,-14.0
1242,-14.0
1243,-14.0
1244,-14.0
1245,-14.0
1246,-14.0
1247,-14.0
1248,-14.0
1249,-14.0
1250,-14.0
1251,-14.0
1252,-14.0
1253,-14.0
1254,-14.0
1255,-14.0
1256,-14.0
1257,-14.0
1258,-14.0
1259,-14.0
1260,-14.0
1261,-14.0
1262,-14.0
1263,-14.0
1264,-14.0
1265,-14.0
1266,-14.0
1267,-14.0
1268,-14.0
1269,-14.0
1270,-14.0
1271,-14.0
1272,-14.0
1273,-14.0
1274,-14.0
1275,-14.0
1276,-14.0
1277,-14.0
1278,-14.0
1279,-14.0
1280,-14.0
1281,-14.0
1282,-14.0
1283,-14.0
1284,-14.0
1285,-14.0
1286,-14.0
1287,-14.0
1288,-14.0
1289,-14.0
1290,-14.0
1291,-14.0
1292,-14.0
1293,-14.0
1294,-14.0
1295,-14.0
1296,-14.0
1297,-14.0
1298,-14.0
1299,-14.0
1300,-14.0
1301,-14.0
1302,-14.0
1303,-14.0
1304,-14.0
1305,-14.0
1306,-14.0
1307,-14.0
1308,-14.0
1309,-14.0
1310,-14.0
1311,-14.0
1312,-14.0
1313,-14.0
1314,-14.0
1315,-14.0
1316,-14.0
1317,-14.0
1318,-14.0
1319,-14.0
1320,-14.0
1321,-14.0
1322,-14.0
1323,-14.0
1324,-14.0
1325,-14.0
1326,-14.0
1327,-14.0
1328,-14.0
1329,-14.0
1330,-14.0
1331,-14.0
1332,-14.0
1333,-14.0
1334,-14.0
1335,-14.0
1336,-14.0
1337,-14.0
1338,-14.0
1339,-14.0
1340,-14.0
1341,-14.0
1342,-14.0
1343,-14.0
1344,-14.0
1345,-14.0
1346,-14.0
1347,-14.0
1348,-14.0
1349,-14.0
1350,-14.0
1351,-14.0
1352,-14.0
1353,-14.0
1354,-14.0
1355,-14.0
1356,-14.0
1357,-14.0
1358,-14.0
1359,-14.0
1360,-14.0
1361,-14.0
1362,-14.0
1363,-14.0
1364,-14.0
1365,-14.0
1366,-14.0
1367,-14.0
1368,-14.0
1369,-14.0
1370,-14.0
1371,-14.0
1372,-14.0
1373,-14.0
1374,-14.0
1375,-14.0
1376,-14.0
1377,-14.0
1378,-14.0
1379,-14.0
1380,-14.0
1381,-14.0
1382,-14.0
1383,-14.0
1384,-14.0
1385,-14.0
1386,-14.0
1387,-14.0
1388,-14.0
1389,-14.0
1390,-14.0
1391,-14.0
1392,-14.0
1393,-14.0
1394,-14.0
1395,-14.0
1396,-14.0
1397,-14.0
1398,-14.0
1399,-14.0
1400,-14.0
1401,-14.0
1402,-14.0
1403,-14.0
1404,-14.0
1405,-14.0
1406,-14.0
1407,-14.0
1408,-14.0
1409,-14.0
1410,-14.0
1411,-14.0
1412,-14.0
1413,-14.0
1414,-14.0
1415,-14.0
1416,-14.0
1417,-14.0
1418,-14.0
1419,-14.0
1420,-14.0
1421,-14.0
1422,-14.0
1423,-14.0
1424,-14.0
1425,-14.0
1426,-14.0
1427,-14.0
1428,-14.0
1429,-14.0
1430,-14.0
1431,-14.0
1432,-14.0
1433,-14.0
1434,-14.0
1435,-14.0
1436,-14.0
1437,-14.0
1438,-14.0
1439,-14.0
1440,-14.0
1441,-14.0
1442,-14.0
1443,-14.0
1444,-14.0
1445,-14.0
1446,-14.0
1447,-14.0
1448,-14.0
1449,-14.0
1450,-14.0
1451,-14.0
1452,-14.0
1453,-14.0
1454,-14.0
1455,-14.0
1456,-14.0
1457,-14.0
1458,-14.0
1459,-14.0
1460,-14.0
1461,-14.0
1462,-14.0
1463,-14.0
1464,-14.0
1465,-14.0
1466,-14.0
1467,-14.0
1468,-14.0
1469,-14.0
1470,-14.0
1471,-14.0
1472,-14.0
1473,-14.0
1474,-14.0
1475,-14.0
1476,-14.0
1477,-14.0
1478,-14.0
1479,-14.0
1480,-14.0
1481,-14.0
1482,-14.0
1483,-14.0
1484,-14.0
1485,-14.0
1486,-14.0
1487,-14.0
1488,-14.0
1489,-14.0
1490,-14.0
1491,-14.0
1492,-14.0
1493,-14.0
1494,-14.0
1495,-14.0
1496,-14.0
1497,-14.0
1498,-14.0
1499,-14.0
1500,-14.0
1501,-14.0
1502,-14.0
1503,-14.0
1504,-14.0
1505,-14.0
1506,-14.0
1507,-14.0
1508,-14.0
1509,-14.0
1510,-14.0
1511,-14.0
1512,-14.0
1513,-14.0
1514,-14.0
1515,-14.0
1516,-14.0
1517,-14.0
1518,-14.0
1519,-14.0
1520,-14.0
1521,-14.0
1522,-14.0
1523,-14.0
1524,-14.0
1525,-14.0
1526,-14.0
1527,-14.0
1528,-14.0
1529,-14.0
1530,-14.0
1531,-14.0
1532,-14.0
1533,-14.0
1534,-14.0
1535,-14.0
1536,-14.0
1537,-14.0
1538,-14.0
1539,-14.0
1540,-14.0
1541,-14.0
1542,-14.0
1543,-14.0
1544,-14.0
1545,-14.0
1546,-14.0
1547,-14.0
1548,-14.0
1549,-14.0
1550,-14.0
1551,-14.0
1552,-14.0
1553,-14.0
1554,-14.0
1555,-14.0
1556,-14.0
1557,-14.0
1558,-14.0
1559,-14.0
1560,-14.0
1561,-14.0
1562,-14.0
1563,-14.0
1564,-14.0
1565,-14.0
1566,-14.0
1567,-14.0
1568,-14.0
1569,-14.0
1570,-14.0
1571,-14.0
1572,-14.0
1573,-14.0
1574,-14.0
1575,-14.0
1576,-14.0
1577,-14.0
1578,-14.0
1579,-14.0
1580,-14.0
1581,-14.0
1582,-14.0
1583,-14.0
1584,-14.0
1585,-14.0
1586,-14.0
1587,-14.0
1588,-14.0
1589,-14.0
1590,-14.0
1591,-14.0
1592,-14.0
1593,-14.0
1594,-14.0
1595,-14.0
1596,-14.0
1597,-14.0
1598,-14.0
1599,-14.0
1600,-14.0
1601,-14.0
1602,-14.0
1603,-14.0
1604,-14.0
1605,-14.0
1606,-14.0
1607,-14.0
1608,-14.0
1609,-14.0
1610,-14.0
1611,-14.0
1612,-14.0
1613,-14.0
1614,-14.0
1615,-14.0
1616,-14.0
1617,-14.0
1618,-14.0
1619,-14.0
1620,-14.0
1621,-14.0
1622,-14.0
1623,-14.0
1624,-14.0
1625,-14.0
1626,-14.0
1627,-14.0
1628,-14.0
1629,-14.0
1630,-14.0
1631,-14.0
1632,-14.0
1633,-14.0
1634,-14.0
1635,-14.0
1636,-14.0
1637,-14.0
1638,-14.0
1639,-14.0
1640,-14.0
1641,-14.0
1642,-14.0
1643,-14.0
1644,-14.0
1645,-14.0
1646,-14.0
1647,-14.0
1648,-14.0
1649,-14.0
1650,-14.0
1651,-14.0
1652,-14.0
1653,-14.0
1654,-14.0
1655,-14.0
1656,-14.0
1657,-14.0
1658,-14.0
1659,-14.0
1660,-14.0
1661,-14.0
1662,-14.0
1663,-14.0
1664,-14.0
1665,-14.0
1666,-14.0
1667,-14.0
1668,-14.0
1669,-14.0
1670,-14.0
1671,-14.0
1672,-14.0
1673,-14.0
1674,-14.0
1675,-14.0
1676,-14.0
1677,-14.0
1678,-14.0
1679,-14.0
1680,-14.0
1681,-14.0
1682,-14.0
1683,-14.0
1684,-14.0
1685,-14.0
1686,-14.0
1687,-14.0
1688,-14.0
1689,-14.0
1690,-14.0
1691,-14.0
1692,-14.0
1693,-14.0
1694,-14.0
1695,-14.0
1696,-14.0
1697,-14.0
1698,-14.0
1699,-14.0
1700,-14.0
1701,-14.0
1702,-14.0
1703,-14.0
1704,-14.0
1705,-14.0
1706,-14.0
1707,-14.0
1708,-14.0
1709,-14.0
1710,-14.0
1711,-14.0
1712,-14.0
1713,-14.0
1714,-14.0
1715,-14.0
1716,-14.0
1717,-14.0
1718,-14.0
1719,-14.0
1720,-14.0
1721,-14.0
1722,-14.0
1723,-14.0
1724,-14.0
1725,-14.0
1726,-14.0
1727,-14.0
1728,-14.0
1729,-14.0
1730,-14.0
1731,-14.0
1732,-14.0
1733,-14.0
1734,-14.0
1735,-14.0
1736,-14.0
1737,-14.0
1738,-14.0
1739,-14.0
1740,-14.0
1741,-14.0
1742,-14.0
1743,-14.0
1744,-14.0
1745,-14.0
1746,-14.0
1747,-14.0
1748,-14.0
1749,-14.0
1750,-14.0
1751,-14.0
1752,-14.0
1753,-14.0
1754,-14.0
1755,-14.0
1756,-14.0
1757,-14.0
1758,-14.0
1759,-14.0
1760,-14.0
1761,-14.0
1762,-14.0
1763,-14.0
1764,-14.0
1765,-14.0
1766,-14.0
1767,-14.0
1768,-14.0
1769,-14.0
1770,-14.0
1771,-14.0
1772,-14.0
1773,-14.0
1774,-14.0
1775,-14.0
1776,-14.0
1777,-14.0
1778,-14.0
1779,-14.0
1780,-14.0
1781,-14.0
1782,-14.0
1783,-14.0
1784,-14.0
1785,-14.0
1786,-14.0
1787,-14.0
1788,-14.0
1789,-14.0
1790,-14.0
1791,-14.0
1792,-14.0
1793,-14.0
1794,-14.0
1795,-14.0
1796,-14.0
1797,-14.0
1798,-14.0
1799,-14.0
1800,-14.0
1801,-14.0
1802,-14.0
1803,-14.0
1804,-14.0
1805,-14.0
1806,-14.0
1807,-14.0
1808,-14.0
1809,-14.0
1810,-14.0
1811,-14.0
1812,-14.0
1813,-14.0
1814,-14.0
1815,-14.0
1816,-14.0
1817,-14.0
1818,-14.0
1819,-14.0
1820,-14.0
1821,-14.0
1822,-14.0
1823,-14.0
1824,-14.0
1825,-14.0
1826,-14.0
1827,-14.0
1828,-14.0
1829,-14.0
1830,-14.0
1831,-14.0
1832,-14.0
1833,-14.0
1834,-14.0
1835,-14.0
1836,-14.0
1837,-14.0
1838,-14.0
1839,-14.0
1840,-14.0
1841,-14.0
1842,-14.0
1843,-14.0
1844,-14.0
1845,-14.0
1846,-14.0
1847,-14.0
1848,-14.0
1849,-14.0
1850,-14.0
1851,-14.0
1852,-14.0
1853,-14.0
1854,-14.0
1855,-14.0
1856,-14.0
1857,-14.0
1858,-14.0
1859,-14.0
1860,-14.0
1861,-14.0
1862,-14.0
1863,-14.0
1864,-14.0
1865,-14.0
1866,-14.0
1867,-14.0
1868,-14.0
1869,-14.0
1870,-14.0
1871,-14.0
1872,-14.0
1873,-14.0
1874,-14.0
1875,-14.0
1876,-14.0
1877,-14.0
1878,-14.0
1879,-14.0
1880,-14.0
1881,-14.0
1882,-14.0
1883,-14.0
1884,-14.0
1885,-14.0
1886,-14.0
1887,-14.0
1888,-14.0
1889,-14.0
1890,-14.0
1891,-14.0
1892,-14.0
1893,-14.0
1894,-14.0
1895,-14.0
1896,-14.0
1897,-14.0
1898,-14.0
1899,-14.0
1900,-14.0
1901,-14.0
1902,-14.0
1903,-14.0
1904,-14.0
1905,-14.0
1906,-14.0
1907,-14.0
1908,-14.0
1909,-14.0
1910,-14.0
1911,-14.0
1912,-14.0
1913,-14.0
1914,-14.0
1915,-14.0
1916,-14.0
1917,-14.0
1918,-14.0
1919,-14.0
1920,-14.0
1921,-14.0
1922,-14.0
1923,-14.0
1924,-14.0
1925,-14.0
1926,-14.0
1927,-14.0
1928,-14.0
1929,-14.0
1930,-14.0
1931,-14.0
1932,-14.0
1933,-14.0
1934,-14.0
1935,-14.0
1936,-14.0
1937,-14.0
1938,-14.0
1939,-14.0
1940,-14.0
1941,-14.0
1942,-14.0
1943,-14.0
1944,-14.0
1945,-14.0
1946,-14.0
1947,-14.0
1948,-14.0
1949,-14.0
1950,-14.0
1951,-14.0
1952,-14.0
1953,-14.0
1954,-14.0
1955,-14.0
1956,-14.0
1957,-14.0
1958,-14.0
1959,-14.0
1960,-14.0
1961,-14.0
1962,-14.0
1963,-14.0
1964,-14.0
1965,-14.0
1966,-14.0
1967,-14.0
1968,-14.0
1969,-14.0
1970,-14.0
1971,-14.0
1972,-14.0
1973,-14.0
1974,-14.0
1975,-14.0
1976,-14.0
1977,-14.0
1978,-14.0
1979,-14.0
1980,-14.0
1981,-14.0
1982,-14.0
1983,-14.0
1984,-14.0
1985,-14.0
1986,-14.0
1987,-14.0
1988,-14.0
1989,-14.0
1990,-14.0
1991,-14.0
1992,-14.0
1993,-14.0
1994,-14.0
1995,-14.0
1996,-14.0
1997,-14.0
1998,-14.0
1999,-14.0
2000,-14.0
2001,-14.0
2002,-14.0
2003,-14.0
2004,-14.0
2005,-14.0
2006,-14.0
2007,-14.0
2008,-14.0
2009,-14.0
2010,-14.0
2011,-14.0
2012,-14.0
2013,-14.0
2014,-14.0
2015,-14.0
2016,-14.0
2017,-14.0
2018,-14.0
2019,-14.0
2020,-14.0
2021,-14.0
2022,-14.0
2023,-14.0
2024,-14.0
2025,-14.0
2026,-14.0
2027,-14.0
2028,-14.0
2029,-14.0
2030,-14.0
2031,-14.0
2032,-14.0
2033,-14.0
2034,-14.0
2035,-14.0
2036,-14.0
2037,-14.0
2038,-14.0
2039,-14.0
2040,-14.0
2041,-14.0
2042,-14.0
2043,-14.0
2044,-14.0
2045,-14.0
2046,-14.0
2047,-14.0
2048,-14.0
2049,-14.0
2050,-14.0
2051,-14.0
2052,-14.0
2053,-14.0
2054,-14.0
2055,-14.0
2056,-14.0
2057,-14.0
2058,-14.0
2059,-14.0
2060,-14.0
2061,-14.0
2062,-14.0
2063,-14.0
2064,-14.0
2065,-14.0
2066,-14.0
2067,-14.0
2068,-14.0
2069,-14.0
2070,-14.0
2071,-14.0
2072,-14.0
2073,-14.0
2074,-14.0
2075,-14.0
2076,-14.0
2077,-14.0
2078,-14.0
2079,-14.0
2080,-14.0
2081,-14.0
2082,-14.0
2083,-14.0
2084,-14.0
2085,-14.0
2086,-14.0
2087,-14.0
2088,-14.0
2089,-14.0
2090,-14.0
2091,-14.0
2092,-14.0
2093,-14.0
2094,-14.0
2095,-14.0
2096,-14.0
2097,-14.0
2098,-14.0
2099,-14.0
2100,-14.0
2101,-14.0
2102,-14.0
2103,-14.0
2104,-14.0
2105,-14.0
2106,-14.0
2107,-14.0
2108,-14.0
2109,-14.0
2110,-14.0
2111,-14.0
2112,-14.0
2113,-14.0
2114,-14.0
2115,-14.0
2116,-14.0
2117,-14.0
2118,-14.0
2119,-14.0
2120,-14.0
2121,-14.0
2122,-14.0
2123,-14.0
2124,-14.0
2125,-14.0
2126,-14.0
2127,-14.0
2128,-14.0
2129,-14.0
2130,-14.0
2131,-14.0
2132,-14.0
2133,-14.0
2134,-14.0
2135,-14.0
2136,-14.0
2137,-14.0
2138,-14.0
2139,-14.0
2140,-14.0
2141,-14.0
2142,-14.0
2143,-14.0
2144,-14.0
2145,-14.0
2146,-14.0
2147,-14.0
2148,-14.0
2149,-14.0
2150,-14.0
2151,-14.0
2152,-14.0
2153,-14.0
2154,-14.0
2155,-14.0
2156,-14.0
2157,-14.0
2158,-14.0
2159,-14.0
2160,-14.0
2161,-14.0
2162,-14.0
2163,-14.0
2164,-14.0
2165,-14.0
2166,-14.0
2167,-14.0
2168,-14.0
2169,-14.0
2170,-14.0
2171,-14.0
2172,-14.0
2173,-14.0
2174,-14.0
2175,-14.0
2176,-14.0
2177,-14.0
2178,-14.0
2179,-14.0
2180,-14.0
2181,-14.0
2182,-14.0
2183,-14.0
2184,-14.0
2185,-14.0
2186,-14.0
2187,-14.0
2188,-14.0
2189,-14.0
2190,-14.0
2191,-14.0
2192,-14.0
2193,-14.0
2194,-14.0
2195,-14.0
2196,-14.0
2197,-14.0
2198,-14.0
2199,-14.0
2200,-14.0
2201,-14.0
2202,-14.0
2203,-14.0
2204,-14.0
2205,-14.0
2206,-14.0
2207,-14.0
2208,-14.0
2209,-14.0
2210,-14.0
2211,-14.0
2212,-14.0
2213,-14.0
2214,-14.0
2215,-14.0
2216,-14.0
2217,-14.0
2218,-14.0
2219,-14.0
2220,-14.0
2221,-14.0
2222,-14.0
2223,-14.0
2224,-14.0
2225,-14.0
2226,-14.0
2227,-14.0
2228,-14.0
2229,-14.0
2230,-14.0
2231,-14.0
2232,-14.0
2233,-14.0
2234,-14.0
2235,-14.0
2236,-14.0
2237,-14.0
2238,-14.0
2239,-14.0
2240,-14.0
2241,-14.0
2242,-14.0
2243,-14.0
2244,-14.0
2245,-14.0
2246,-14.0
2247,-14.0
2248,-14.0
2249,-14.0
2250,-14.0
2251,-14.0
2252,-14.0
2253,-14.0
2254,-14.0
2255,-14.0
2256,-14.0
2257,-14.0
2258,-14.0
2259,-14.0
2260,-14.0
2261,-14.0
2262,-14.0
2263,-14.0
2264,-14.0
2265,-14.0
2266,-14.0
2267,-14.0
2268,-14.0
2269,-14.0
2270,-14.0
2271,-14.0
2272,-14.0
2273,-14.0
2274,-14.0
2275,-14.0
2276,-14.0
2277,-14.0
2278,-14.0
2279,-14.0
2280,-14.0
2281,-14.0
2282,-14.0
2283,-14.0
2284,-14.0
2285,-14.0
2286,-14.0
2287,-14.0
2288,-14.0
2289,-14.0
2290,-14.0
2291,-14.0
2292,-14.0
2293,-14.0
2294,-14.0
2295,-14.0
2296,-14.0
2297,-14.0
2298,-14.0
2299,-14.0
2300,-14.0
2301,-14.0
2302,-14.0
2303,-14.0
2304,-14.0
2305,-14.0
2306,-14.0
2307,-14.0
2308,-14.0
2309,-14.0
2310,-14.0
2311,-14.0
2312,-14.0
2313,-14.0
2314,-14.0
2315,-14.0
2316,-14.0
2317,-14.0
2318,-14.0
2319,-14.0
2320,-14.0
2321,-14.0
2322,-14.0
2323,-14.0
2324,-14.0
2325,-14.0
2326,-14.0
2327,-14.0
2328,-14.0
2329,-14.0
2330,-14.0
2331,-14.0
2332,-14.0
2333,-14.0
2334,-14.0
2335,-14.0
2336,-14.0
2337,-14.0
2338,-14.0
2339,-14.0
2340,-14.0
2341,-14.0
2342,-14.0
2343,-14.0
2344,-14.0
2345,-14.0
2346,-14.0
2347,-14.0
2348,-14.0
2349,-14.0
2350,-14.0
2351,-14.0
2352,-14.0
2353,-14.0
2354,-14.0
2355,-14.0
2356,-14.0
2357,-14.0
2358,-14.0
2359,-14.0
2360,-14.0
2361,-14.0
2362,-14.0
2363,-14.0
2364,-14.0
2365,-14.0
2366,-14.0
2367,-14.0
2368,-14.0
2369,-14.0
2370,-14.0
2371,-14.0
2372,-14.0
2373,-14.0
2374,-14.0
2375,-14.0
2376,-14.0
2377,-14.0
2378,-14.0
2379,-14.0
2380,-14.0
2381,-14.0
2382,-14.0
2383,-14.0
2384,-14.0
2385,-14.0
2386,-14.0
2387,-14.0
2388,-14.0
2389,-14.0
2390,-14.0
2391,-14.0
2392,-14.0
2393,-14.0
2394,-14.0
2395,-14.0
2396,-14.0
2397,-14.0
2398,-14.0
2399,-14.0
2400,-14.0
2401,-14.0
2402,-14.0
2403,-14.0
2404,-14.0
2405,-14.0
2406,-14.0
2407,-14.0
2408,-14.0
2409,-14.0
2410,-14.0
2411,-14.0
2412,-14.0
2413,-14.0
2414,-14.0
2415,-14.0
2416,-14.0
2417,-14.0
2418,-14.0
2419,-14.0
2420,-14.0
2421,-14.0
2422,-14.0
2423,-14.0
2424,-14.0
2425,-14.0
2426,-14.0
2427,-14.0
2428,-14.0
2429,-14.0
2430,-14.0
2431,-14.0
2432,-14.0
2433,-14.0
2434,-14.0
2435,-14.0
2436,-14.0
2437,-14.0
2438,-14.0
2439,-14.0
2440,-14.0
2441,-14.0
2442,-14.0
2443,-14.0
2444,-14.0
2445,-14.0
2446,-14.0
2447,-14.0
2448,-14.0
2449,-14.0
2450,-14.0
2451,-14.0
2452,-14.0
2453,-14.0
2454,-14.0
2455,-14.0
2456,-14.0
2457,-14.0
2458,-14.0
2459,-14.0
2460,-14.0
2461,-14.0
2462,-14.0
2463,-14.0
2464,-14.0
2465,-14.0
2466,-14.0
2467,-14.0
2468,-14.0
2469,-14.0
2470,-14.0
2471,-14.0
2472,-14.0
2473,-14.0
2474,-14.0
2475,-14.0
2476,-14.0
2477,-14.0
2478,-14.0
2479,-14.0
2480,-14.0
2481,-14.0
2482,-14.0
2483,-14.0
2484,-14.0
2485,-14.0
2486,-14.0
2487,-14.0
2488,-14.0
2489,-14.0
2490,-14.0
2491,-14.0
2492,-14.0
2493,-14.0
2494,-14.0
2495,-14.0
2496,-14.0
2497,-14.0
2498,-14.0
2499,-14.0
2500,-14.0
2501,-14.0
2502,-14.0
2503,-14.0
2504,-14.0
2505,-14.0
2506,-14.0
2507,-14.0
2508,-14.0
2509,-14.0
2510,-14.0
2511,-14.0
2512,-14.0
2513,-14.0
2514,-14.0
2515,-14.0
2516,-14.0
2517,-14.0
2518,-14.0
2519,-14.0
2520,-14.0
2521,-14.0
2522,-14.0
2523,-14.0
2524,-14.0
2525,-14.0
2526,-14.0
2527,-14.0
2528,-14.0
2529,-14.0
2530,-14.0
2531,-14.0
2532,-14.0
2533,-14.0
2534,-14.0
2535,-14.0
2536,-14.0
2537,-14.0
2538,-14.0
2539,-14.0
2540,-14.0
2541,-14.0
2542,-14.0
2543,-14.0
2544,-14.0
2545,-14.0
2546,-14.0
2547,-14.0
2548,-14.0
2549,-14.0
2550,-14.0
2551,-14.0
2552,-14.0
2553,-14.0
2554,-14.0
2555,-14.0
2556,-14.0
2557,-14.0
2558,-14.0
2559,-14.0
2560,-14.0
2561,-14.0
2562,-14.0
2563,-14.0
2564,-14.0
2565,-14.0
2566,-14.0
2567,-14.0
2568,-14.0
2569,-14.0
2570,-14.0
2571,-14.0
2572,-14.0
2573,-14.0
2574,-14.0
2575,-14.0
2576,-14.0
2577,-14.0
2578,-14.0
2579,-14.0
2580,-14.0
2581,-14.0
2582,-14.0
2583,-14.0
2584,-14.0
2585,-14.0
2586,-14.0
2587,-14.0
2588,-14.0
2589,-14.0
2590,-14.0
2591,-14.0
2592,-14.0
2593,-14.0
2594,-14.0
2595,-14.0
2596,-14.0
2597,-14.0
2598,-14.0
2599,-14.0
2600,-14.0
2601,-14.0
2602,-14.0
2603,-14.0
2604,-14.0
2605,-14.0
2606,-14.0
2607,-14.0
2608,-14.0
2609,-14.0
2610,-14.0
2611,-14.0
2612,-14.0
2613,-14.0
2614,-14.0
2615,-14.0
2616,-14.0
2617,-14.0
2618,-14.0
2619,-14.0
2620,-14.0
2621,-14.0
2622,-14.0
2623,-14.0
2624,-14.0
2625,-14.0
2626,-14.0
2627,-14.0
2628,-14.0
2629,-14.0
2630,-14.0
2631,-14.0
2632,-14.0
2633,-14.0
2634,-14.0
2635,-14.0
2636,-14.0
2637,-14.0
2638,-14.0
2639,-14.0
2640,-14.0
2641,-14.0
2642,-14.0
2643,-14.0
2644,-14.0
2645,-14.0
2646,-14.0
2647,-14.0
2648,-14.0
2649,-14.0
2650,-14.0
2651,-14.0
2652,-14.0
2653,-14.0
2654,-14.0
2655,-14.0
2656,-14.0
2657,-14.0
2658,-14.0
2659,-14.0
2660,-14.0
2661,-14.0
2662,-14.0
2663,-14.0
2664,-14.0
2665,-14.0
2666,-14.0
2667,-14.0
2668,-14.0
2669,-14.0
2670,-14.0
2671,-14.0
2672,-14.0
2673,-14.0
2674,-14.0
2675,-14.0
2676,-14.0
2677,-14.0
2678,-14.0
2679,-14.0
2680,-14.0
2681,-14.0
2682,-14.0
2683,-14.0
2684,-14.0
2685,-14.0
2686,-14.0
2687,-14.0
2688,-14.0
2689,-14.0
2690,-14.0
2691,-14.0
2692,-14.0
2693,-14.0
2694,-14.0
2695,-14.0
2696,-14.0
2697,-14.0
2698,-14.0
2699,-14.0
2700,-14.0
2701,-14.0
2702,-14.0
2703,-14.0
2704,-14.0
2705,-14.0
2706,-14.0
2707,-14.0
2708,-14.0
2709,-14.0
2710,-14.0
2711,-14.0
2712,-14.0
2713,-14.0
2714,-14.0
2715,-14.0
2716,-14.0
2717,-14.0
2718,-14.0
2719,-14.0
2720,-14.0
2721,-14.0
2722,-14.0
2723,-14.0
2724,-14.0
2725,-14.0
2726,-14.0
2727,-14.0
2728,-14.0
2729,-14.0
2730,-14.0
2731,-14.0
2732,-14.0
2733,-14.0
2734,-14.0
2735,-14.0
2736,-14.0
2737,-14.0
2738,-14.0
2739,-14.0
2740,-14.0
2741,-14.0
2742,-14.0
2743,-14.0
2744,-14.0
2745,-14.0
2746,-14.0
2747,-14.0
2748,-14.0
2749,-14.0
2750,-14.0
2751,-14.0
2752,-14.0
2753,-14.0
2754,-14.0
2755,-14.0
2756,-14.0
2757,-14.0
2758,-14.0
2759,-14.0
2760,-14.0
2761,-14.0
2762,-14.0
2763,-14.0
2764,-14.0
2765,-14.0
2766,-14.0
2767,-14.0
2768,-14.0
2769,-14.0
2770,-14.0
2771,-14.0
2772,-14.0
2773,-14.0
2774,-14.0
2775,-14.0
2776,-14.0
2777,-14.0
2778,-14.0
2779,-14.0
2780,-14.0
2781,-14.0
2782,-14.0
2783,-14.0
2784,-14.0
2785,-14.0
2786,-14.0
2787,-14.0
2788,-14.0
2789,-14.0
2790,-14.0
2791,-14.0
2792,-14.0
2793,-14.0
2794,-14.0
2795,-14.0
2796,-14.0
2797,-14.0
2798,-14.0
2799,-14.0
2800,-14.0
2801,-14.0
2802,-14.0
2803,-14.0
2804,-14.0
2805,-14.0
2806,-14.0
2807,-14.0
2808,-14.0
2809,-14.0
2810,-14.0
2811,-14.0
2812,-14.0
2813,-14.0
2814,-14.0
2815,-14.0
2816,-14.0
2817,-14.0
2818,-14.0
2819,-14.0
2820,-14.0
2821,-14.0
2822,-14.0
2823,-14.0
2824,-14.0
2825,-14.0
2826,-14.0
2827,-14.0
2828,-14.0
2829,-14.0
2830,-14.0
2831,-14.0
2832,-14.0
2833,-14.0
2834,-14.0
2835,-14.0
2836,-14.0
2837,-14.0
2838,-14.0
2839,-14.0
2840,-14.0
2841,-14.0
2842,-14.0
2843,-14.0
2844,-14.0
2845,-14.0
2846,-14.0
2847,-14.0
2848,-14.0
2849,-14.0
2850,-14.0
2851,-14.0
2852,-14.0
2853,-14.0
2854,-14.0
2855,-14.0
2856,-14.0
2857,-14.0
2858,-14.0
2859,-14.0
2860,-14.0
2861,-14.0
2862,-14.0
2863,-14.0
2864,-14.0
2865,-14.0
2866,-14.0
2867,-14.0
2868,-14.0
2869,-14.0
2870,-14.0
2871,-14.0
2872,-14.0
2873,-14.0
2874,-14.0
2875,-14.0
2876,-14.0
2877,-14.0
2878,-14.0
2879,-14.0
2880,-14.0
2881,-14.0
2882,-14.0
2883,-14.0
2884,-14.0
2885,-14.0
2886,-14.0
2887,-14.0
2888,-14.0
2889,-14.0
2890,-14.0
2891,-14.0
2892,-14.0
2893,-14.0
2894,-14.0
2895,-14.0
2896,-14.0
2897,-14.0
2898,-14.0
2899,-14.0
2900,-14.0
2901,-14.0
2902,-14.0
2903,-14.0
2904,-14.0
2905,-14.0
2906,-14.0
2907,-14.0
2908,-14.0
2909,-14.0
2910,-14.0
2911,-14.0
2912,-14.0
2913,-14.0
2914,-14.0
2915,-14.0
2916,-14.0
2917,-14.0
2918,-14.0
2919,-14.0
2920,-14.0
2921,-14.0
2922,-14.0
2923,-14.0
2924,-14.0
2925,-14.0
2926,-14.0
2927,-14.0
2928,-14.0
2929,-14.0
2930,-14.0
2931,-14.0
2932,-14.0
2933,-14.0
2934,-14.0
2935,-14.0
2936,-14.0
2937,-14.0
2938,-14.0
2939,-14.0
2940,-14.0
2941,-14.0
2942,-14.0
2943,-14.0
2944,-14.0
2945,-14.0
2946,-14.0
2947,-14.0
2948,-14.0
2949,-14.0
2950,-14.0
2951,-14.0
2952,-14.0
2953,-14.0
2954,-14.0
2955,-14.0
2956,-14.0
2957,-14.0
2958,-14.0
2959,-14.0
2960,-14.0
2961,-14.0
2962,-14.0
2963,-14.0
2964,-14.0
2965,-14.0
2966,-14.0
2967,-14.0
2968,-14.0
2969,-14.0
2970,-14.0
2971,-14.0
2972,-14.0
2973,-14.0
2974,-14.0
2975,-14.0
2976,-14.0
2977,-14.0
2978,-14.0
2979,-14.0
2980,-14.0
2981,-14.0
2982,-14.0
2983,-14.0
2984,-14.0
2985,-14.0
2986,-14.0
2987,-14.0
2988,-14.0
2989,-14.0
2990,-14.0
2991,-14.0
2992,-14.0
2993,-14.0
2994,-14.0
2995,-14.0
2996,-14.0
2997,-14.0
2998,-14.0
2999,-14.0
3000,-14.0
3001,-14.0
3002,-14.0
3003,-14.0
3004,-14.0
3005,-14.0
3006,-14.0
3007,-14.0
3008,-14.0
3009,-14.0
3010,-14.0
3011,-14.0
3012,-14.0
3013,-14.0
3014,-14.0
3015,-14.0
3016,-14.0
3017,-14.0
3018,-14.0
3019,-14.0
3020,-14.0
3021,-14.0
3022,-14.0
3023,-14.0
3024,-14.0
3025,-14.0
3026,-14.0
3027,-14.0
3028,-14.0
3029,-14.0
3030,-14.0
3031,-14.0
3032,-14.0
3033,-14.0
3034,-14.0
3035,-14.0
3036,-14.0
3037,-14.0
3038,-14.0
3039,-14.0
3040,-14.0
3041,-14.0
3042,-14.0
3043,-14.0
3044,-14.0
3045,-14.0
3046,-14.0
3047,-14.0
3048,-14.0
3049,-14.0
3050,-14.0
3051,-14.0
3052,-14.0
3053,-14.0
3054,-14.0
3055,-14.0
3056,-14.0
3057,-14.0
3058,-14.0
3059,-14.0
3060,-14.0
3061,-14.0
3062,-14.0
3063,-14.0
3064,-14.0
3065,-14.0
3066,-14.0
3067,-14.0
3068,-14.0
3069,-14.0
3070,-14.0
3071,-14.0
3072,-14.0
3073,-14.0
3074,-14.0
3075,-14.0
3076,-14.0
3077,-14.0
3078,-14.0
3079,-14.0
3080,-14.0
3081,-14.0
3082,-14.0
3083,-14.0
3084,-14.0
3085,-14.0
3086,-14.0
3087,-14.0
3088,-14.0
3089,-14.0
3090,-14.0
3091,-14.0
3092,-14.0
3093,-14.0
3094,-14.0
3095,-14.0
3096,-14.0
3097,-14.0
3098,-14.0
3099,-14.0
3100,-14.0
3101,-14.0
3102,-14.0
3103,-14.0
3104,-14.0
3105,-14.0
3106,-14.0
3107,-14.0
3108,-14.0
3109,-14.0
3110,-14.0
3111,-14.0
3112,-14.0
3113,-14.0
3114,-14.0
3115,-14.0
3116,-14.0
3117,-14.0
3118,-14.0
3119,-14.0
3120,-14.0
3121,-14.0
3122,-14.0
3123,-14.0
3124,-14.0
3125,-14.0
3126,-14.0
3127,-14.0
3128,-14.0
3129,-14.0
3130,-14.0
3131,-14.0
3132,-14.0
3133,-14.0
3134,-14.0
3135,-14.0
3136,-14.0
3137,-14.0
3138,-14.0
3139,-14.0
3140,-14.0
3141,-14.0
3142,-14.0
3143,-14.0
3144,-14.0
3145,-14.0
3146,-14.0
3147,-14.0
3148,-14.0
3149,-14.0
3150,-14.0
3151,-14.0
3152,-14.0
3153,-14.0
3154,-14.0
3155,-14.0
3156,-14.0
3157,-14.0
3158,-14.0
3159,-14.0
3160,-14.0
3161,-14.0
3162,-14.0
3163,-14.0
3164,-14.0
3165,-14.0
3166,-14.0
3167,-14.0
3168,-14.0
3169,-14.0
3170,-14.0
3171,-14.0
3172,-14.0
3173,-14.0
3174,-14.0
3175,-14.0
3176,-14.0
3177,-14.0
3178,-14.0
3179,-14.0
3180,-14.0
3181,-14.0
3182,-14.0
3183,-14.0
3184,-14.0
3185,-14.0
3186,-14.0
3187,-14.0
3188,-14.0
3189,-14.0
3190,-14.0
3191,-14.0
3192,-14.0
3193,-14.0
3194,-14.0
3195,-14.0
3196,-14.0
3197,-14.0
3198,-14.0
3199,-14.0
3200,-14.0
3201,-14.0
3202,-14.0
3203,-14.0
3204,-14.0
3205,-14.0
3206,-14.0
3207,-14.0
3208,-14.0
3209,-14.0
3210,-14.0
3211,-14.0
3212,-14.0
3213,-14.0
3214,-14.0
3215,-14.0
3216,-14.0
3217,-14.0
3218,-14.0
3219,-14.0
3220,-14.0
3221,-14.0
3222,-14.0
3223,-14.0
3224,-14.0
3225,-14.0
3226,-14.0
3227,-14.0
3228,-14.0
3229,-14.0
3230,-14.0
3231,-14.0
3232,-14.0
3233,-14.0
3234,-14.0
3235,-14.0
3236,-14.0
3237,-14.0
3238,-14.0
3239,-14.0
3240,-14.0
3241,-14.0
3242,-14.0
3243,-14.0
3244,-14.0
3245,-14.0
3246,-14.0
3247,-14.0
3248,-14.0
3249,-14.0
3250,-14.0
3251,-14.0
3252,-14.0
3253,-14.0
3254,-14.0
3255,-14.0
3256,-14.0
3257,-14.0
3258,-14.0
3259,-14.0
3260,-14.0
3261,-14.0
3262,-14.0
3263,-14.0
3264,-14.0
3265,-14.0
3266,-14.0
3267,-14.0
3268,-14.0
3269,-14.0
3270,-14.0
3271,-14.0
3272,-14.0
3273,-14.0
3274,-14.0
3275,-14.0
3276,-14.0
3277,-14.0
3278,-14.0
3279,-14.0
3280,-14.0
3281,-14.0
3282,-14.0
3283,-14.0
3284,-14.0
3285,-14.0
3286,-14.0
3287,-14.0
3288,-14.0
3289,-14.0
3290,-14.0
3291,-14.0
3292,-14.0
3293,-14.0
3294,-14.0
3295,-14.0
3296,-14.0
3297,-14.0
3298,-14.0
3299,-14.0
3300,-14.0
3301,-14.0
3302,-14.0
3303,-14.0
3304,-14.0
3305,-14.0
3306,-14.0
3307,-14.0
3308,-14.0
3309,-14.0
3310,-14.0
3311,-14.0
3312,-14.0
3313,-14.0
3314,-14.0
3315,-14.0
3316,-14.0
3317,-14.0
3318,-14.0
3319,-14.0
3320,-14.0
3321,-14.0
3322,-14.0
3323,-14.0
3324,-14.0
3325,-14.0
3326,-14.0
3327,-14.0
3328,-14.0
3329,-14.0
3330,-14.0
3331,-14.0
3332,-14.0
3333,-14.0
3334,-14.0
3335,-14.0
3336,-14.0
3337,-14.0
3338,-14.0
3339,-14.0
3340,-14.0
3341,-14.0
3342,-14.0
3343,-14.0
3344,-14.0
3345,-14.0
3346,-14.0
3347,-14.0
3348,-14.0
3349,-14.0
3350,-14.0
3351,-14.0
3352,-14.0
3353,-14.0
3354,-14.0
3355,-14.0
3356,-14.0
3357,-14.0
3358,-14.0
3359,-14.0
3360,-14.0
3361,-14.0
3362,-14.0
3363,-14.0
3364,-14.0
3365,-14.0
3366,-14.0
3367,-14.0
3368,-14.0
3369,-14.0
3370,-14.0
3371,-14.0
3372,-14.0
3373,-14.0
3374,-14.0
3375,-14.0
3376,-14.0
3377,-14.0
3378,-14.0
3379,-14.0
3380,-14.0
3381,-14.0
3382,-14.0
3383,-14.0
3384,-14.0
3385,-14.0
3386,-14.0
3387,-14.0
3388,-14.0
3389,-14.0
3390,-14.0
3391,-14.0
3392,-14.0
3393,-14.0
3394,-14.0
3395,-14.0
3396,-14.0
3397,-14.0
3398,-14.0
3399,-14.0
3400,-14.0
3401,-14.0
3402,-14.0
3403,-14.0
3404,-14.0
3405,-14.0
3406,-14.0
3407,-14.0
3408,-14.0
3409,-14.0
3410,-14.0
3411,-14.0
3412,-14.0
3413,-14.0
3414,-14.0
3415,-14.0
3416,-14.0
3417,-14.0
3418,-14.0
3419,-14.0
3420,-14.0
3421,-14.0
3422,-14.0
3423,-14.0
3424,-14.0
3425,-14.0
3426,-14.0
3427,-14.0
3428,-14.0
3429,-14.0
3430,-14.0
3431,-14.0
3432,-14.0
3433,-14.0
3434,-14.0
3435,-14.0
3436,-14.0
3437,-14.0
3438,-14.0
3439,-14.0
3440,-14.0
3441,-14.0
3442,-14.0
3443,-14.0
3444,-14.0
3445,-14.0
3446,-14.0
3447,-14.0
3448,-14.0
3449,-14.0
3450,-14.0
3451,-14.0
3452,-14.0
3453,-14.0
3454,-14.0
3455,-14.0
3456,-14.0
3457,-14.0
3458,-14.0
3459,-14.0
3460,-14.0
3461,-14.0
3462,-14.0
3463,-14.0
3464,-14.0
3465,-14.0
3466,-14.0
3467,-14.0
3468,-14.0
3469,-14.0
3470,-14.0
3471,-14.0
3472,-14.0
3473,-14.0
3474,-14.0
3475,-14.0
3476,-14.0
3477,-14.0
3478,-14.0
3479,-14.0
3480,-14.0
3481,-14.0
3482,-14.0
3483,-14.0
3484,-14.0
3485,-14.0
3486,-14.0
3487,-14.0
3488,-14.0
3489,-14.0
3490,-14.0
3491,-14.0
3492,-14.0
3493,-14.0
3494,-14.0
3495,-14.0
3496,-14.0
3497,-14.0
3498,-14.0
3499,-14.0
3500,-14.0
3501,-14.0
3502,-14.0
3503,-14.0
3504,-14.0
3505,-14.0
3506,-14.0
3507,-14.0
3508,-14.0
3509,-14.0
3510,-14.0
3511,-14.0
3512,-14.0
3513,-14.0
3514,-14.0
3515,-14.0
3516,-14.0
3517,-14.0
3518,-14.0
3519,-14.0
3520,-14.0
3521,-14.0
3522,-14.0
3523,-14.0
3524,-14.0
3525,-14.0
3526,-14.0
3527,-14.0
3528,-14.0
3529,-14.0
3530,-14.0
3531,-14.0
3532,-14.0
3533,-14.0
3534,-14.0
3535,-14.0
3536,-14.0
3537,-14.0
3538,-14.0
3539,-14.0
3540,-14.0
3541,-14.0
3542,-14.0
3543,-14.0
3544,-14.0
3545,-14.0
3546,-14.0
3547,-14.0
3548,-14.0
3549,-14.0
3550,-14.0
3551,-14.0
3552,-14.0
3553,-14.0
3554,-14.0
3555,-14.0
3556,-14.0
3557,-14.0
3558,-14.0
3559,-14.0
3560,-14.0
3561,-14.0
3562,-14.0
3563,-14.0
3564,-14.0
3565,-14.0
3566,-14.0
3567,-14.0
3568,-14.0
3569,-14.0
3570,-14.0
3571,-14.0
3572,-14.0
3573,-14.0
3574,-14.0
3575,-14.0
3576,-14.0
3577,-14.0
3578,-14.0
3579,-14.0
3580,-14.0
3581,-14.0
3582,-14.0
3583,-14.0
3584,-14.0
3585,-14.0
3586,-14.0
3587,-14.0
3588,-14.0
3589,-14.0
3590,-14.0
3591,-14.0
3592,-14.0
3593,-14.0
3594,-14.0
3595,-14.0
3596,-14.0
3597,-14.0
3598,-14.0
3599,-14.0
3600,-14.0
3601,-14.0
3602,-14.0
3603,-14.0
3604,-14.0
3605,-14.0
3606,-14.0
3607,-14.0
3608,-14.0
3609,-14.0
3610,-14.0
3611,-14.0
3612,-14.0
3613,-14.0
3614,-14.0
3615,-14.0
3616,-14.0
3617,-14.0
3618,-14.0
3619,-14.0
3620,-14.0
3621,-14.0
3622,-14.0
3623,-14.0
3624,-14.0
3625,-14.0
3626,-14.0
3627,-14.0
3628,-14.0
3629,-14.0
3630,-14.0
3631,-14.0
3632,-14.0
3633,-14.0
3634,-14.0
3635,-14.0
3636,-14.0
3637,-14.0
3638,-14.0
3639,-14.0
3640,-14.0
3641,-14.0
3642,-14.0
3643,-14.0
3644,-14.0
3645,-14.0
3646,-14.0
3647,-14.0
3648,-14.0
3649,-14.0
3650,-14.0
3651,-14.0
3652,-14.0
3653,-14.0
3654,-14.0
3655,-14.0
3656,-14.0
3657,-14.0
3658,-14.0
3659,-14.0
3660,-14.0
3661,-14.0
3662,-14.0
3663,-14.0
3664,-14.0
3665,-14.0
3666,-14.0
3667,-14.0
3668,-14.0
3669,-14.0
3670,-14.0
3671,-14.0
3672,-14.0
3673,-14.0
3674,-14.0
3675,-14.0
3676,-14.0
3677,-14.0
3678,-14.0
3679,-14.0
3680,-14.0
3681,-14.0
3682,-14.0
3683,-14.0
3684,-14.0
3685,-14.0
3686,-14.0
3687,-14.0
3688,-14.0
3689,-14.0
3690,-14.0
3691,-14.0
3692,-14.0
3693,-14.0
3694,-14.0
3695,-14.0
3696,-14.0
3697,-14.0
3698,-14.0
3699,-14.0
3700,-14.0
3701,-14.0
3702,-14.0
3703,-14.0
3704,-14.0
3705,-14.0
3706,-14.0
3707,-14.0
3708,-14.0
3709,-14.0
3710,-14.0
3711,-14.0
3712,-14.0
3713,-14.0
3714,-14.0
3715,-14.0
3716,-14.0
3717,-14.0
3718,-14.0
3719,-14.0
3720,-14.0
3721,-14.0
3722,-14.0
3723,-14.0
3724,-14.0
3725,-14.0
3726,-14.0
3727,-14.0
3728,-14.0
3729,-14.0
3730,-14.0
3731,-14.0
3732,-14.0
3733,-14.0
3734,-14.0
3735,-14.0
3736,-14.0
3737,-14.0
3738,-14.0
3739,-14.0
3740,-14.0
3741,-14.0
3742,-14.0
3743,-14.0
3744,-14.0
3745,-14.0
3746,-14.0
3747,-14.0
3748,-14.0
3749,-14.0
3750,-14.0
3751,-14.0
3752,-14.0
3753,-14.0
3754,-14.0
3755,-14.0
3756,-14.0
3757,-14.0
3758,-14.0
3759,-14.0
3760,-14.0
3761,-14.0
3762,-14.0
3763,-14.0
3764,-14.0
3765,-14.0
3766,-14.0
3767,-14.0
3768,-14.0
3769,-14.0
3770,-14.0
3771,-14.0
3772,-14.0
3773,-14.0
3774,-14.0
3775,-14.0
3776,-14.0
3777,-14.0
3778,-14.0
3779,-14.0
3780,-14.0
3781,-14.0
3782,-14.0
3783,-14.0
3784,-14.0
3785,-14.0
3786,-14.0
3787,-14.0
3788,-14.0
3789,-14.0
3790,-14.0
3791,-14.0
3792,-14.0
3793,-14.0
3794,-14.0
3795,-14.0
3796,-14.0
3797,-14.0
3798,-14.0
3799,-14.0
3800,-14.0
3801,-14.0
3802,-14.0
3803,-14.0
3804,-14.0
3805,-14.0
3806,-14.0
3807,-14.0
3808,-14.0
3809,-14.0
3810,-14.0
3811,-14.0
3812,-14.0
3813,-14.0
3814,-14.0
3815,-14.0
3816,-14.0
3817,-14.0
3818,-14.0
3819,-14.0
3820,-14.0
3821,-14.0
3822,-14.0
3823,-14.0
3824,-14.0
3825,-14.0
3826,-14.0
3827,-14.0
3828,-14.0
3829,-14.0
3830,-14.0
3831,-14.0
3832,-14.0
3833,-14.0
3834,-14.0
3835,-14.0
3836,-14.0
3837,-14.0
3838,-14.0
3839,-14.0
3840,-14.0
3841,-14.0
3842,-14.0
3843,-14.0
3844,-14.0
3845,-14.0
3846,-14.0
3847,-14.0
3848,-14.0
3849,-14.0
3850,-14.0
3851,-14.0
3852,-14.0
3853,-14.0
3854,-14.0
3855,-14.0
3856,-14.0
3857,-14.0
3858,-14.0
3859,-14.0
3860,-14.0
3861,-14.0
3862,-14.0
3863,-14.0
3864,-14.0
3865,-14.0
3866,-14.0
3867,-14.0
3868,-14.0
3869,-14.0
3870,-14.0
3871,-14.0
3872,-14.0
3873,-14.0
3874,-14.0
3875,-14.0
3876,-14.0
3877,-14.0
3878,-14.0
3879,-14.0
3880,-14.0
3881,-14.0
3882,-14.0
3883,-14.0
3884,-14.0
3885,-14.0
3886,-14.0
3887,-14.0
3888,-14.0
3889,-14.0
3890,-14.0
3891,-14.0
3892,-14.0
3893,-14.0
3894,-14.0
3895,-14.0
3896,-14.0
3897,-14.0
3898,-14.0
3899,-14.0
3900,-14.0
3901,-14.0
3902,-14.0
3903,-14.0
3904,-14.0
3905,-14.0
3906,-14.0
3907,-14.0
3908,-14.0
3909,-14.0
3910,-14.0
3911,-14.0
3912,-14.0
3913,-14.0
3914,-14.0
3915,-14.0
3916,-14.0
3917,-14.0
3918,-14.0
3919,-14.0
3920,-14.0
3921,-14.0
3922,-14.0
3923,-14.0
3924,-14.0
3925,-14.0
3926,-14.0
3927,-14.0
3928,-14.0
3929,-14.0
3930,-14.0
3931,-14.0
3932,-14.0
3933,-14.0
3934,-14.0
3935,-14.0
3936,-14.0
3937,-14.0
3938,-14.0
3939,-14.0
3940,-14.0
3941,-14.0
3942,-14.0
3943,-14.0
3944,-14.0
3945,-14.0
3946,-14.0
3947,-14.0
3948,-14.0
3949,-14.0
3950,-14.0
3951,-14.0
3952,-14.0
3953,-14.0
3954,-14.0
3955,-14.0
3956,-14.0
3957,-14.0
3958,-14.0
3959,-14.0
3960,-14.0
3961,-14.0
3962,-14.0
3963,-14.0
3964,-14.0
3965,-14.0
3966,-14.0
3967,-14.0
3968,-14.0
3969,-14.0
3970,-14.0
3971,-14.0
3972,-14.0
3973,-14.0
3974,-14.0
3975,-14.0
3976,-14.0
3977,-14.0
3978,-14.0
3979,-14.0
3980,-14.0
3981,-14.0
3982,-14.0
3983,-14.0
3984,-14.0
3985,-14.0
3986,-14.0
3987,-14.0
3988,-14.0
3989,-14.0
3990,-14.0
3991,-14.0
3992,-14.0
3993,-14.0
3994,-14.0
3995,-14.0
3996,-14.0
3997,-14.0
3998,-14.0
3999,-14.0
4000,-14.0
4001,-14.0
4002,-14.0
4003,-14.0
4004,-14.0
4005,-14.0
4006,-14.0
4007,-14.0
4008,-14.0
4009,-14.0
4010,-14.0
4011,-14.0
4012,-14.0
4013,-14.0
4014,-14.0
4015,-14.0
4016,-14.0
4017,-14.0
4018,-14.0
4019,-14.0
4020,-14.0
4021,-14.0
4022,-14.0
4023,-14.0
4024,-14.0
4025,-14.0
4026,-14.0
4027,-14.0
4028,-14.0
4029,-14.0
4030,-14.0
4031,-14.0
4032,-14.0
4033,-14.0
4034,-14.0
4035,-14.0
4036,-14.0
4037,-14.0
4038,-14.0
4039,-14.0
4040,-14.0
4041,-14.0
4042,-14.0
4043,-14.0
4044,-14.0
4045,-14.0
4046,-14.0
4047,-14.0
4048,-14.0
4049,-14.0
4050,-14.0
4051,-14.0
4052,-14.0
4053,-14.0
4054,-14.0
4055,-14.0
4056,-14.0
4057,-14.0
4058,-14.0
4059,-14.0
4060,-14.0
4061,-14.0
4062,-14.0
4063,-14.0
4064,-14.0
4065,-14.0
4066,-14.0
4067,-14.0
4068,-14.0
4069,-14.0
4070,-14.0
4071,-14.0
4072,-14.0
4073,-14.0
4074,-14.0
4075,-14.0
4076,-14.0
4077,-14.0
4078,-14.0
4079,-14.0
4080,-14.0
4081,-14.0
4082,-14.0
4083,-14.0
4084,-14.0
4085,-14.0
4086,-14.0
4087,-14.0
4088,-14.0
4089,-14.0
4090,-14.0
4091,-14.0
4092,-14.0
4093,-14.0
4094,-14.0
4095,-14.0
[92;1muberClock[0m>,
