idx,value
0,5
1,0
2,0
3,8
4,16
5,17
6,10
7,1
8,-1
9,4
10,13
11,18
12,14
13,6
14,0
15,0
16,9
17,17
18,18
19,10
20,2
21,-1
22,4
23,13
24,17
25,15
26,6
27,0
28,1
29,8
30,16
31,17
32,10
33,2
34,-1
35,5
36,13
37,19
38,15
39,5
40,-1
41,1
42,9
43,15
44,17
45,11
46,1
47,-2
48,5
49,13
50,18
51,14
52,5
53,-1
54,1
55,9
56,16
57,17
58,10
59,1
60,-1
61,4
62,13
63,17
64,15
65,5
66,-1
67,0
68,9
69,16
70,17
71,11
72,2
73,-1
74,4
75,13
76,18
77,14
78,5
79,-1
80,1
81,9
82,16
83,17
84,10
85,2
86,-2
87,4
88,13
89,17
90,14
91,5
92,-1
93,0
94,9
95,17
96,17
97,10
98,1
99,-1
100,4
101,14
102,18
103,14
104,5
105,0
106,0
107,9
108,16
109,18
110,10
111,1
112,-1
113,5
114,13
115,18
116,14
117,5
118,-1
119,0
120,9
121,17
122,16
123,10
124,1
125,-1
126,4
127,14
128,18
129,14
130,5
131,-1
132,1
133,9
134,17
135,18
136,9
137,1
138,-1
139,4
140,13
141,18
142,13
143,5
144,-1
145,1
146,9
147,16
148,17
149,9
150,2
151,0
152,5
153,13
154,18
155,15
156,5
157,-1
158,1
159,9
160,18
161,17
162,11
163,2
164,-1
165,4
166,14
167,18
168,14
169,4
170,-1
171,2
172,10
173,17
174,18
175,9
176,1
177,-1
178,5
179,13
180,18
181,14
182,5
183,-1
184,0
185,10
186,17
187,18
188,9
189,2
190,-1
191,5
192,13
193,18
194,14
195,5
196,-1
197,2
198,9
199,17
200,17
201,11
202,2
203,-1
204,5
205,14
206,18
207,14
208,5
209,0
210,1
211,10
212,16
213,18
214,9
215,1
216,-1
217,5
218,14
219,18
220,14
221,5
222,0
223,1
224,10
225,18
226,17
227,9
228,1
229,-1
230,6
231,14
232,18
233,15
234,5
235,-1
236,1
237,10
238,18
239,18
240,9
241,1
242,-2
243,5
244,14
245,17
246,13
247,5
248,-1
249,1
250,10
251,17
252,17
253,10
254,1
255,0
256,5
257,15
258,18
259,14
260,5
261,0
262,1
263,9
264,17
265,18
266,9
267,1
268,-1
269,5
270,14
271,17
272,14
273,4
274,0
275,2
276,10
277,18
278,17
279,10
280,1
281,-1
282,4
283,14
284,18
285,14
286,5
287,-1
288,1
289,10
290,17
291,17
292,9
293,1
294,-1
295,5
296,13
297,18
298,14
299,5
300,-1
301,1
302,10
303,18
304,16
305,10
306,1
307,0
308,5
309,13
310,17
311,13
312,5
313,-1
314,1
315,9
316,17
317,17
318,8
319,0
320,-1
321,5
322,14
323,17
324,14
325,5
326,-1
327,1
328,9
329,17
330,16
331,9
332,1
333,-1
334,4
335,13
336,18
337,14
338,5
339,-1
340,2
341,10
342,17
343,17
344,9
345,0
346,-1
347,5
348,14
349,18
350,14
351,5
352,-1
353,1
354,10
355,17
356,17
357,9
358,0
359,-1
360,6
361,14
362,19
363,14
364,5
365,-1
366,1
367,11
368,18
369,17
370,9
371,1
372,-1
373,5
374,15
375,18
376,14
377,5
378,-1
379,2
380,10
381,18
382,16
383,9
384,1
385,-1
386,6
387,14
388,18
389,14
390,4
391,-1
392,1
393,10
394,17
395,16
396,10
397,1
398,0
399,6
400,16
401,18
402,13
403,6
404,-1
405,2
406,10
407,18
408,16
409,10
410,0
411,-1
412,6
413,15
414,18
415,14
416,5
417,-1
418,2
419,10
420,17
421,17
422,9
423,0
424,-1
425,6
426,15
427,19
428,13
429,5
430,-1
431,2
432,10
433,17
434,17
435,9
436,1
437,0
438,6
439,15
440,18
441,14
442,4
443,-1
444,1
445,10
446,18
447,16
448,10
449,1
450,-1
451,5
452,14
453,18
454,14
455,4
456,-1
457,2
458,10
459,18
460,16
461,8
462,1
463,-1
464,5
465,15
466,18
467,13
468,4
469,-2
470,2
471,10
472,17
473,16
474,9
475,1
476,-1
477,6
478,14
479,17
480,13
481,4
482,-1
483,2
484,11
485,18
486,16
487,8
488,1
489,0
490,6
491,15
492,17
493,12
494,4
495,-1
496,1
497,10
498,17
499,16
500,8
501,0
502,-1
503,6
504,14
505,18
506,13
507,4
508,-1
509,2
510,11
511,18
512,15
513,9
514,1
515,0
516,6
517,14
518,18
519,13
520,4
521,-2
522,2
523,10
524,17
525,16
526,9
527,0
528,0
529,6
530,13
531,17
532,13
533,4
534,-1
535,1
536,11
537,17
538,16
539,8
540,0
541,0
542,5
543,14
544,17
545,12
546,4
547,-1
548,2
549,11
550,17
551,16
552,8
553,0
554,-1
555,7
556,15
557,17
558,12
559,4
560,-2
561,3
562,11
563,17
564,17
565,9
566,0
567,0
568,6
569,15
570,18
571,13
572,4
573,-1
574,2
575,11
576,17
577,16
578,8
579,1
580,-1
581,6
582,15
583,18
584,13
585,4
586,-1
587,2
588,10
589,17
590,16
591,9
592,1
593,-1
594,6
595,15
596,19
597,13
598,4
599,-2
600,2
601,12
602,17
603,15
604,8
605,1
606,0
607,7
608,15
609,18
610,12
611,4
612,-1
613,2
614,11
615,18
616,17
617,9
618,0
619,0
620,6
621,15
622,18
623,12
624,4
625,0
626,2
627,11
628,18
629,16
630,9
631,0
632,0
633,6
634,14
635,17
636,13
637,4
638,-1
639,2
640,11
641,17
642,17
643,8
644,1
645,-1
646,7
647,16
648,18
649,12
650,4
651,-1
652,2
653,10
654,17
655,16
656,8
657,1
658,-1
659,6
660,15
661,19
662,12
663,4
664,-1
665,2
666,11
667,18
668,16
669,8
670,0
671,-1
672,7
673,16
674,18
675,12
676,4
677,-1
678,3
679,12
680,17
681,15
682,8
683,0
684,-1
685,7
686,15
687,18
688,12
689,2
690,-1
691,2
692,11
693,18
694,15
695,8
696,-1
697,0
698,7
699,16
700,18
701,12
702,3
703,-2
704,1
705,11
706,18
707,16
708,8
709,0
710,0
711,6
712,16
713,17
714,12
715,3
716,-2
717,3
718,11
719,18
720,16
721,8
722,0
723,0
724,6
725,15
726,18
727,12
728,4
729,-1
730,2
731,12
732,18
733,16
734,8
735,0
736,0
737,7
738,15
739,17
740,12
741,4
742,-1
743,2
744,11
745,18
746,15
747,8
748,0
749,0
750,7
751,15
752,17
753,13
754,4
755,-1
756,2
757,11
758,17
759,15
760,8
761,0
762,1
763,7
764,15
765,18
766,12
767,4
768,-1
769,3
770,11
771,17
772,16
773,8
774,0
775,-1
776,7
777,15
778,19
779,12
780,2
781,-1
782,2
783,12
784,17
785,16
786,8
787,0
788,0
789,7
790,15
791,17
792,12
793,3
794,0
795,2
796,12
797,17
798,15
799,8
800,0
801,0
802,7
803,15
804,17
805,12
806,4
807,-1
808,3
809,12
810,18
811,16
812,6
813,0
814,0
815,6
816,15
817,18
818,12
819,3
820,-1
821,2
822,11
823,17
824,15
825,7
826,0
827,-1
828,8
829,15
830,18
831,12
832,2
833,0
834,3
835,12
836,18
837,16
838,6
839,0
840,0
841,7
842,16
843,18
844,11
845,3
846,-1
847,2
848,12
849,18
850,16
851,7
852,1
853,-2
854,8
855,16
856,18
857,12
858,3
859,-1
860,3
861,12
862,17
863,16
864,8
865,0
866,0
867,7
868,15
869,18
870,12
871,3
872,0
873,2
874,11
875,17
876,16
877,8
878,0
879,-1
880,8
881,15
882,17
883,11
884,3
885,0
886,3
887,12
888,18
889,15
890,7
891,0
892,1
893,6
894,15
895,17
896,12
897,3
898,-1
899,3
900,12
901,18
902,15
903,7
904,0
905,0
906,7
907,16
908,17
909,12
910,2
911,-1
912,3
913,11
914,17
915,16
916,6
917,0
918,-1
919,8
920,15
921,18
922,11
923,3
924,-1
925,3
926,11
927,18
928,16
929,7
930,1
931,0
932,7
933,15
934,18
935,12
936,2
937,-1
938,2
939,13
940,18
941,16
942,7
943,0
944,-1
945,7
946,16
947,18
948,11
949,3
950,-2
951,3
952,11
953,18
954,16
955,7
956,0
957,0
958,8
959,16
960,18
961,11
962,2
963,-1
964,3
965,12
966,18
967,15
968,8
969,0
970,1
971,8
972,15
973,18
974,12
975,3
976,-2
977,3
978,13
979,18
980,16
981,7
982,-1
983,0
984,8
985,17
986,17
987,11
988,2
989,-2
990,4
991,12
992,18
993,15
994,5
995,0
996,0
997,8
998,15
999,17
1000,10
1001,4
1002,-1
1003,4
1004,12
1005,18
1006,15
1007,7
1008,0
1009,0
1010,8
1011,16
1012,17
1013,11
1014,2
1015,-2
1016,4
1017,11
1018,18
1019,14
1020,6
1021,0
1022,0
1023,8
1024,16
1025,17
1026,11
1027,1
1028,-1
1029,4
1030,12
1031,18
1032,16
1033,6
1034,-1
1035,1
1036,8
1037,15
1038,17
1039,11
1040,3
1041,-1
1042,3
1043,12
1044,18
1045,14
1046,6
1047,0
1048,1
1049,8
1050,16
1051,17
1052,11
1053,3
1054,-2
1055,3
1056,12
1057,19
1058,15
1059,6
1060,-1
1061,0
1062,8
1063,16
1064,18
1065,12
1066,2
1067,0
1068,4
1069,12
1070,17
1071,15
1072,6
1073,-1
1074,0
1075,9
1076,16
1077,18
1078,12
1079,3
1080,-1
1081,3
1082,12
1083,19
1084,15
1085,7
1086,-1
1087,0
1088,7
1089,16
1090,17
1091,11
1092,2
1093,-1
1094,4
1095,12
1096,18
1097,16
1098,5
1099,0
1100,1
1101,9
1102,17
1103,18
1104,10
1105,3
1106,-1
1107,3
1108,12
1109,18
1110,15
1111,5
1112,0
1113,0
1114,8
1115,16
1116,18
1117,12
1118,2
1119,-1
1120,4
1121,12
1122,18
1123,16
1124,6
1125,0
1126,0
1127,8
1128,16
1129,17
1130,11
1131,2
1132,-1
1133,4
1134,12
1135,18
1136,15
1137,6
1138,-1
1139,1
1140,8
1141,16
1142,17
1143,11
1144,2
1145,-2
1146,4
1147,13
1148,18
1149,15
1150,7
1151,-1
1152,0
1153,8
1154,16
1155,17
1156,11
1157,3
1158,-1
1159,4
1160,12
1161,17
1162,13
1163,6
1164,0
1165,0
1166,8
1167,16
1168,18
1169,10
1170,2
1171,-1
1172,5
1173,14
1174,17
1175,15
1176,6
1177,0
1178,1
1179,8
1180,16
1181,17
1182,11
1183,2
1184,-1
1185,4
1186,12
1187,17
1188,15
1189,6
1190,-1
1191,0
1192,9
1193,16
1194,16
1195,11
1196,2
1197,-2
1198,4
1199,12
1200,19
1201,15
1202,6
1203,-1
1204,1
1205,9
1206,16
1207,18
1208,11
1209,1
1210,-2
1211,4
1212,13
1213,18
1214,15
1215,6
1216,-1
1217,0
1218,8
1219,16
1220,18
1221,10
1222,2
1223,-2
1224,4
1225,14
1226,18
1227,15
1228,6
1229,-1
1230,0
1231,8
1232,16
1233,17
1234,10
1235,1
1236,-1
1237,5
1238,13
1239,18
1240,14
1241,5
1242,-2
1243,1
1244,9
1245,16
1246,17
1247,10
1248,2
1249,-2
1250,4
1251,13
1252,17
1253,15
1254,6
1255,-1
1256,0
1257,9
1258,17
1259,17
1260,10
1261,2
1262,0
1263,4
1264,12
1265,18
1266,14
1267,5
1268,-1
1269,0
1270,9
1271,17
1272,18
1273,11
1274,2
1275,-1
1276,4
1277,13
1278,17
1279,15
1280,7
1281,-1
1282,1
1283,9
1284,16
1285,17
1286,10
1287,1
1288,-2
1289,4
1290,13
1291,18
1292,14
1293,6
1294,-1
1295,1
1296,9
1297,16
1298,17
1299,10
1300,2
1301,-2
1302,3
1303,13
1304,17
1305,15
1306,5
1307,-1
1308,1
1309,8
1310,17
1311,18
1312,10
1313,2
1314,-1
1315,4
1316,13
1317,18
1318,14
1319,6
1320,-1
1321,1
1322,9
1323,16
1324,17
1325,10
1326,2
1327,-1
1328,4
1329,12
1330,18
1331,14
1332,6
1333,-1
1334,0
1335,8
1336,16
1337,17
1338,10
1339,1
1340,-1
1341,4
1342,14
1343,17
1344,14
1345,6
1346,-1
1347,1
1348,9
1349,17
1350,17
1351,10
1352,1
1353,-1
1354,4
1355,13
1356,18
1357,15
1358,6
1359,-1
1360,1
1361,8
1362,16
1363,18
1364,9
1365,2
1366,-1
1367,5
1368,13
1369,19
1370,14
1371,6
1372,-1
1373,0
1374,8
1375,16
1376,17
1377,9
1378,1
1379,0
1380,6
1381,13
1382,18
1383,14
1384,5
1385,-1
1386,1
1387,8
1388,17
1389,17
1390,10
1391,1
1392,0
1393,5
1394,14
1395,18
1396,14
1397,6
1398,-1
1399,2
1400,9
1401,17
1402,17
1403,11
1404,1
1405,-1
1406,4
1407,13
1408,18
1409,14
1410,5
1411,-1
1412,1
1413,9
1414,16
1415,17
1416,9
1417,2
1418,-1
1419,5
1420,13
1421,18
1422,14
1423,5
1424,-1
1425,1
1426,9
1427,18
1428,17
1429,10
1430,1
1431,-2
1432,5
1433,13
1434,18
1435,14
1436,5
1437,-1
1438,1
1439,9
1440,17
1441,18
1442,10
1443,2
1444,-1
1445,4
1446,14
1447,18
1448,14
1449,5
1450,0
1451,1
1452,9
1453,17
1454,17
1455,9
1456,1
1457,-1
1458,4
1459,14
1460,18
1461,14
1462,4
1463,-1
1464,1
1465,9
1466,17
1467,17
1468,10
1469,1
1470,-1
1471,5
1472,13
1473,17
1474,15
1475,5
1476,0
1477,1
1478,9
1479,17
1480,17
1481,10
1482,1
1483,-1
1484,5
1485,14
1486,17
1487,14
1488,5
1489,0
1490,1
1491,9
1492,16
1493,17
1494,10
1495,0
1496,-1
1497,5
1498,13
1499,18
1500,14
1501,5
1502,-1
1503,1
1504,10
1505,17
1506,17
1507,10
1508,1
1509,-1
1510,5
1511,13
1512,18
1513,15
1514,6
1515,-2
1516,1
1517,9
1518,17
1519,17
1520,9
1521,1
1522,-2
1523,5
1524,14
1525,17
1526,13
1527,5
1528,-1
1529,1
1530,9
1531,17
1532,18
1533,10
1534,1
1535,-1
1536,4
1537,15
1538,18
1539,14
1540,6
1541,-1
1542,1
1543,9
1544,17
1545,15
1546,10
1547,1
1548,-1
1549,5
1550,14
1551,18
1552,13
1553,5
1554,-1
1555,1
1556,9
1557,17
1558,17
1559,8
1560,1
1561,-1
1562,6
1563,14
1564,18
1565,13
1566,4
1567,-2
1568,2
1569,10
1570,17
1571,16
1572,9
1573,1
1574,-1
1575,6
1576,14
1577,18
1578,14
1579,5
1580,0
1581,0
1582,10
1583,17
1584,17
1585,9
1586,0
1587,-2
1588,5
1589,14
1590,19
1591,13
1592,5
1593,-2
1594,1
1595,9
1596,18
1597,17
1598,9
1599,1
1600,0
1601,6
1602,14
1603,17
1604,14
1605,4
1606,-2
1607,1
1608,9
1609,17
1610,16
1611,10
1612,1
1613,-1
1614,6
1615,14
1616,18
1617,14
1618,5
1619,-1
1620,1
1621,10
1622,17
1623,16
1624,9
1625,1
1626,-1
1627,6
1628,14
1629,17
1630,14
1631,5
1632,-1
1633,2
1634,9
1635,17
1636,17
1637,8
1638,1
1639,-1
1640,6
1641,15
1642,18
1643,13
1644,5
1645,-1
1646,1
1647,10
1648,17
1649,17
1650,9
1651,1
1652,0
1653,5
1654,15
1655,18
1656,13
1657,4
1658,0
1659,1
1660,10
1661,17
1662,17
1663,9
1664,1
1665,-1
1666,6
1667,14
1668,18
1669,13
1670,5
1671,-1
1672,2
1673,9
1674,18
1675,16
1676,8
1677,0
1678,0
1679,6
1680,14
1681,18
1682,14
1683,4
1684,-2
1685,1
1686,11
1687,17
1688,16
1689,8
1690,1
1691,0
1692,7
1693,14
1694,18
1695,14
1696,4
1697,-1
1698,1
1699,10
1700,18
1701,16
1702,9
1703,1
1704,-1
1705,6
1706,14
1707,18
1708,13
1709,4
1710,-1
1711,1
1712,10
1713,18
1714,17
1715,8
1716,0
1717,-1
1718,6
1719,14
1720,17
1721,14
1722,4
1723,-1
1724,2
1725,10
1726,17
1727,17
1728,10
1729,0
1730,0
1731,6
1732,13
1733,18
1734,13
1735,5
1736,-1
1737,1
1738,10
1739,17
1740,17
1741,8
1742,0
1743,0
1744,6
1745,14
1746,17
1747,14
1748,5
1749,0
1750,2
1751,10
1752,17
1753,16
1754,8
1755,0
1756,-1
1757,6
1758,14
1759,18
1760,14
1761,4
1762,-2
1763,3
1764,11
1765,17
1766,17
1767,9
1768,1
1769,-1
1770,5
1771,14
1772,17
1773,12
1774,5
1775,-2
1776,1
1777,10
1778,17
1779,16
1780,8
1781,1
1782,-1
1783,6
1784,14
1785,18
1786,13
1787,4
1788,-1
1789,2
1790,10
1791,17
1792,16
1793,8
1794,0
1795,-1
1796,6
1797,16
1798,17
1799,13
1800,3
1801,-1
1802,1
1803,11
1804,17
1805,17
1806,9
1807,1
1808,0
1809,5
1810,14
1811,18
1812,13
1813,5
1814,-1
1815,1
1816,9
1817,17
1818,17
1819,9
1820,1
1821,-1
1822,5
1823,15
1824,18
1825,14
1826,3
1827,-1
1828,3
1829,10
1830,18
1831,16
1832,8
1833,1
1834,-1
1835,6
1836,15
1837,18
1838,13
1839,4
1840,-1
1841,2
1842,11
1843,18
1844,16
1845,8
1846,0
1847,0
1848,6
1849,14
1850,18
1851,12
1852,5
1853,-1
1854,3
1855,11
1856,17
1857,16
1858,8
1859,1
1860,0
1861,5
1862,14
1863,18
1864,13
1865,4
1866,-2
1867,2
1868,11
1869,17
1870,16
1871,8
1872,0
1873,-1
1874,7
1875,14
1876,18
1877,12
1878,3
1879,-1
1880,3
1881,11
1882,17
1883,16
1884,7
1885,0
1886,-1
1887,6
1888,15
1889,19
1890,12
1891,3
1892,-2
1893,3
1894,11
1895,19
1896,17
1897,9
1898,-1
1899,-1
1900,6
1901,15
1902,18
1903,13
1904,5
1905,-2
1906,2
1907,11
1908,17
1909,17
1910,9
1911,0
1912,-1
1913,7
1914,15
1915,18
1916,13
1917,3
1918,-1
1919,2
1920,10
1921,17
1922,16
1923,9
1924,0
1925,0
1926,7
1927,15
1928,17
1929,12
1930,4
1931,-1
1932,3
1933,11
1934,17
1935,16
1936,8
1937,0
1938,0
1939,7
1940,15
1941,19
1942,14
1943,3
1944,-1
1945,1
1946,10
1947,16
1948,15
1949,8
1950,0
1951,0
1952,6
1953,15
1954,18
1955,13
1956,3
1957,-1
1958,2
1959,11
1960,17
1961,17
1962,7
1963,1
1964,0
1965,6
1966,16
1967,18
1968,12
1969,4
1970,-1
1971,3
1972,11
1973,17
1974,16
1975,8
1976,-1
1977,0
1978,7
1979,15
1980,18
1981,12
1982,2
1983,-1
1984,3
1985,11
1986,17
1987,16
1988,7
1989,0
1990,0
1991,8
1992,15
1993,18
1994,12
1995,3
1996,-1
1997,3
1998,10
1999,18
2000,16
2001,8
2002,0
2003,0
2004,8
2005,14
2006,17
2007,12
2008,3
2009,-2
2010,3
2011,11
2012,18
2013,15
2014,7
2015,-1
2016,-1
2017,7
2018,16
2019,18
2020,13
2021,3
2022,-1
2023,2
2024,12
2025,17
2026,16
2027,8
2028,0
2029,-1
2030,7
2031,16
2032,18
2033,13
2034,2
2035,-2
2036,3
2037,11
2038,18
2039,16
2040,7
2041,0
2042,0
2043,7
2044,15
2045,18
2046,12
2047,3
2048,-1
2049,3
2050,10
2051,17
2052,17
2053,8
2054,0
2055,0
2056,7
2057,15
2058,18
2059,12
2060,4
2061,-1
2062,4
2063,11
2064,18
2065,16
2066,7
2067,0
2068,0
2069,7
2070,15
2071,18
2072,13
2073,3
2074,-1
2075,3
2076,11
2077,18
2078,16
2079,7
2080,0
2081,0
2082,7
2083,15
2084,18
2085,12
2086,3
2087,-1
2088,3
2089,12
2090,18
2091,16
2092,7
2093,0
2094,-1
2095,6
2096,16
2097,17
2098,12
2099,2
2100,-1
2101,2
2102,12
2103,18
2104,16
2105,8
2106,0
2107,0
2108,7
2109,16
2110,18
2111,12
2112,4
2113,-1
2114,2
2115,12
2116,18
2117,15
2118,7
2119,0
2120,0
2121,7
2122,16
2123,17
2124,11
2125,3
2126,-1
2127,3
2128,11
2129,17
2130,16
2131,8
2132,0
2133,0
2134,7
2135,16
2136,18
2137,12
2138,3
2139,-1
2140,3
2141,11
2142,18
2143,15
2144,6
2145,0
2146,0
2147,7
2148,15
2149,17
2150,12
2151,3
2152,-1
2153,3
2154,12
2155,17
2156,15
2157,8
2158,0
2159,0
2160,6
2161,15
2162,17
2163,12
2164,2
2165,-2
2166,2
2167,12
2168,18
2169,15
2170,7
2171,0
2172,0
2173,7
2174,15
2175,18
2176,12
2177,3
2178,-1
2179,2
2180,12
2181,18
2182,15
2183,7
2184,0
2185,0
2186,7
2187,16
2188,18
2189,12
2190,3
2191,-1
2192,3
2193,12
2194,17
2195,16
2196,8
2197,-1
2198,1
2199,7
2200,15
2201,18
2202,11
2203,2
2204,-1
2205,3
2206,12
2207,18
2208,16
2209,7
2210,-1
2211,1
2212,7
2213,16
2214,18
2215,12
2216,2
2217,-2
2218,3
2219,13
2220,18
2221,16
2222,6
2223,-1
2224,0
2225,8
2226,15
2227,17
2228,12
2229,3
2230,-1
2231,3
2232,11
2233,18
2234,16
2235,6
2236,0
2237,0
2238,8
2239,16
2240,18
2241,11
2242,2
2243,-1
2244,3
2245,12
2246,18
2247,16
2248,7
2249,-1
2250,1
2251,8
2252,16
2253,18
2254,11
2255,3
2256,-1
2257,3
2258,12
2259,18
2260,15
2261,7
2262,0
2263,0
2264,8
2265,16
2266,17
2267,12
2268,2
2269,-1
2270,3
2271,12
2272,18
2273,16
2274,7
2275,0
2276,1
2277,7
2278,16
2279,18
2280,11
2281,2
2282,-1
2283,4
2284,12
2285,18
2286,15
2287,6
2288,0
2289,0
2290,8
2291,16
2292,17
2293,11
2294,3
2295,-1
2296,3
2297,12
2298,18
2299,16
2300,6
2301,0
2302,0
2303,8
2304,17
2305,18
2306,11
2307,3
2308,-1
2309,3
2310,12
2311,18
2312,15
2313,7
2314,0
2315,0
2316,8
2317,16
2318,18
2319,11
2320,2
2321,-1
2322,3
2323,12
2324,18
2325,15
2326,6
2327,0
2328,-1
2329,8
2330,16
2331,18
2332,11
2333,2
2334,-1
2335,5
2336,13
2337,17
2338,16
2339,7
2340,0
2341,1
2342,8
2343,15
2344,17
2345,11
2346,2
2347,-1
2348,4
2349,12
2350,17
2351,15
2352,7
2353,-1
2354,0
2355,8
2356,16
2357,17
2358,10
2359,2
2360,-1
2361,3
2362,12
2363,17
2364,16
2365,6
2366,-1
2367,1
2368,8
2369,16
2370,17
2371,11
2372,2
2373,-1
2374,4
2375,12
2376,18
2377,15
2378,6
2379,0
2380,0
2381,7
2382,17
2383,18
2384,11
2385,2
2386,-2
2387,3
2388,12
2389,18
2390,16
2391,6
2392,0
2393,0
2394,7
2395,17
2396,17
2397,10
2398,1
2399,-1
2400,3
2401,12
2402,17
2403,15
2404,6
2405,-1
2406,0
2407,7
2408,16
2409,17
2410,11
2411,2
2412,-2
2413,4
2414,11
2415,17
2416,15
2417,6
2418,0
2419,1
2420,9
2421,16
2422,18
2423,10
2424,1
2425,-1
2426,3
2427,12
2428,18
2429,15
2430,7
2431,-1
2432,0
2433,9
2434,16
2435,17
2436,11
2437,1
2438,-1
2439,4
2440,12
2441,18
2442,14
2443,6
2444,0
2445,0
2446,8
2447,16
2448,17
2449,9
2450,2
2451,-2
2452,4
2453,13
2454,18
2455,15
2456,6
2457,-1
2458,1
2459,8
2460,16
2461,17
2462,10
2463,2
2464,-1
2465,3
2466,13
2467,17
2468,15
2469,6
2470,-2
2471,0
2472,8
2473,16
2474,17
2475,10
2476,2
2477,-1
2478,3
2479,12
2480,18
2481,15
2482,6
2483,-2
2484,0
2485,9
2486,16
2487,17
2488,10
2489,1
2490,-1
2491,4
2492,12
2493,18
2494,15
2495,7
2496,-1
2497,-1
2498,9
2499,16
2500,16
2501,11
2502,1
2503,-2
2504,4
2505,13
2506,17
2507,15
2508,6
2509,-1
2510,0
2511,8
2512,16
2513,17
2514,10
2515,2
2516,-1
2517,4
2518,13
2519,18
2520,13
2521,5
2522,-1
2523,1
2524,9
2525,16
2526,17
2527,11
2528,1
2529,-1
2530,4
2531,12
2532,18
2533,14
2534,6
2535,-1
2536,0
2537,8
2538,16
2539,17
2540,10
2541,2
2542,-1
2543,4
2544,13
2545,18
2546,15
2547,6
2548,-1
2549,0
2550,9
2551,16
2552,16
2553,11
2554,0
2555,-2
2556,4
2557,14
2558,18
2559,14
2560,6
2561,-2
2562,0
2563,8
2564,16
2565,16
2566,10
2567,2
2568,-2
2569,4
2570,13
2571,18
2572,14
2573,5
2574,-1
2575,1
2576,8
2577,17
2578,17
2579,10
2580,2
2581,-2
2582,4
2583,13
2584,17
2585,14
2586,5
2587,-1
2588,0
2589,8
2590,15
2591,18
2592,11
2593,1
2594,-2
2595,4
2596,13
2597,18
2598,14
2599,6
2600,-1
2601,0
2602,7
2603,16
2604,17
2605,10
2606,1
2607,-2
2608,4
2609,13
2610,18
2611,14
2612,6
2613,0
2614,1
2615,8
2616,16
2617,17
2618,11
2619,1
2620,-2
2621,3
2622,12
2623,17
2624,15
2625,5
2626,-1
2627,0
2628,9
2629,16
2630,17
2631,10
2632,1
2633,-2
2634,4
2635,13
2636,18
2637,14
2638,4
2639,-1
2640,1
2641,9
2642,16
2643,18
2644,10
2645,1
2646,-1
2647,4
2648,13
2649,17
2650,14
2651,5
2652,-2
2653,0
2654,9
2655,16
2656,17
2657,10
2658,1
2659,-2
2660,4
2661,14
2662,17
2663,14
2664,5
2665,0
2666,1
2667,9
2668,16
2669,16
2670,9
2671,2
2672,-1
2673,4
2674,14
2675,18
2676,14
2677,5
2678,-1
2679,0
2680,10
2681,17
2682,17
2683,10
2684,1
2685,-1
2686,4
2687,13
2688,17
2689,14
2690,5
2691,-2
2692,0
2693,8
2694,16
2695,18
2696,10
2697,2
2698,-1
2699,4
2700,13
2701,18
2702,14
2703,5
2704,-1
2705,1
2706,9
2707,17
2708,17
2709,9
2710,1
2711,-1
2712,6
2713,14
2714,18
2715,14
2716,5
2717,-1
2718,1
2719,10
2720,17
2721,16
2722,10
2723,1
2724,-2
2725,5
2726,14
2727,18
2728,14
2729,5
2730,-1
2731,1
2732,9
2733,16
2734,17
2735,10
2736,2
2737,-2
2738,4
2739,13
2740,18
2741,13
2742,5
2743,-1
2744,1
2745,10
2746,17
2747,17
2748,9
2749,1
2750,-1
2751,5
2752,14
2753,18
2754,15
2755,5
2756,-2
2757,2
2758,9
2759,17
2760,16
2761,10
2762,1
2763,-1
2764,5
2765,14
2766,18
2767,14
2768,5
2769,0
2770,1
2771,9
2772,16
2773,16
2774,9
2775,1
2776,-2
2777,5
2778,14
2779,18
2780,14
2781,5
2782,-1
2783,0
2784,10
2785,17
2786,17
2787,10
2788,1
2789,-1
2790,6
2791,13
2792,18
2793,14
2794,5
2795,-1
2796,2
2797,8
2798,17
2799,17
2800,9
2801,1
2802,0
2803,5
2804,13
2805,18
2806,14
2807,4
2808,-1
2809,2
2810,10
2811,17
2812,18
2813,9
2814,1
2815,-2
2816,5
2817,15
2818,18
2819,14
2820,4
2821,-2
2822,2
2823,10
2824,17
2825,16
2826,9
2827,1
2828,-1
2829,5
2830,13
2831,17
2832,14
2833,5
2834,-2
2835,1
2836,9
2837,16
2838,18
2839,10
2840,0
2841,-1
2842,6
2843,14
2844,17
2845,13
2846,5
2847,-2
2848,1
2849,9
2850,17
2851,17
2852,9
2853,1
2854,-1
2855,5
2856,14
2857,17
2858,13
2859,4
2860,-1
2861,1
2862,10
2863,17
2864,17
2865,8
2866,1
2867,-1
2868,5
2869,15
2870,17
2871,14
2872,4
2873,-1
2874,2
2875,10
2876,17
2877,16
2878,9
2879,1
2880,-1
2881,4
2882,15
2883,18
2884,13
2885,4
2886,-2
2887,1
2888,9
2889,17
2890,16
2891,9
2892,1
2893,-1
2894,5
2895,14
2896,18
2897,13
2898,5
2899,-1
2900,1
2901,11
2902,18
2903,17
2904,10
2905,1
2906,0
2907,6
2908,14
2909,18
2910,14
2911,5
2912,-1
2913,1
2914,11
2915,17
2916,17
2917,9
2918,0
2919,-1
2920,5
2921,13
2922,18
2923,14
2924,4
2925,0
2926,1
2927,9
2928,17
2929,17
2930,9
2931,0
2932,0
2933,6
2934,14
2935,18
2936,13
2937,4
2938,-2
2939,2
2940,10
2941,17
2942,17
2943,9
2944,1
2945,0
2946,5
2947,15
2948,18
2949,13
2950,5
2951,0
2952,2
2953,11
2954,17
2955,16
2956,9
2957,1
2958,0
2959,6
2960,15
2961,18
2962,13
2963,5
2964,-1
2965,2
2966,10
2967,17
2968,16
2969,9
2970,1
2971,-1
2972,5
2973,14
2974,19
2975,13
2976,4
2977,-1
2978,2
2979,10
2980,16
2981,17
2982,9
2983,0
2984,0
2985,6
2986,14
2987,17
2988,13
2989,4
2990,-1
2991,1
2992,10
2993,17
2994,16
2995,8
2996,0
2997,-1
2998,6
2999,15
3000,17
3001,13
3002,5
3003,0
3004,1
3005,11
3006,17
3007,17
3008,9
3009,2
3010,-1
3011,6
3012,14
3013,18
3014,13
3015,5
3016,-1
3017,2
3018,10
3019,17
3020,16
3021,8
3022,0
3023,-1
3024,5
3025,14
3026,18
3027,14
3028,3
3029,-1
3030,1
3031,10
3032,17
3033,17
3034,9
3035,0
3036,-1
3037,6
3038,13
3039,18
3040,13
3041,4
3042,-2
3043,2
3044,10
3045,16
3046,16
3047,9
3048,0
3049,0
3050,6
3051,15
3052,19
3053,13
3054,4
3055,-1
3056,2
3057,10
3058,18
3059,17
3060,9
3061,1
3062,-1
3063,5
3064,15
3065,18
3066,14
3067,4
3068,-1
3069,2
3070,10
3071,17
3072,16
3073,9
3074,0
3075,-1
3076,6
3077,16
3078,18
3079,12
3080,4
3081,-1
3082,2
3083,10
3084,18
3085,16
3086,8
3087,1
3088,-1
3089,5
3090,14
3091,18
3092,13
3093,4
3094,-1
3095,2
3096,11
3097,16
3098,16
3099,8
3100,0
3101,0
3102,7
3103,14
3104,18
3105,12
3106,3
3107,-2
3108,1
3109,11
3110,18
3111,16
3112,9
3113,0
3114,0
3115,6
3116,14
3117,17
3118,12
3119,4
3120,-2
3121,2
3122,11
3123,17
3124,16
3125,9
3126,0
3127,-1
3128,6
3129,15
3130,18
3131,13
3132,4
3133,-1
3134,3
3135,11
3136,18
3137,16
3138,8
3139,0
3140,0
3141,5
3142,14
3143,18
3144,14
3145,3
3146,-1
3147,2
3148,10
3149,17
3150,17
3151,9
3152,0
3153,-1
3154,6
3155,14
3156,18
3157,13
3158,4
3159,-1
3160,3
3161,11
3162,17
3163,16
3164,8
3165,1
3166,-2
3167,7
3168,15
3169,18
3170,13
3171,4
3172,-1
3173,3
3174,11
3175,17
3176,17
3177,8
3178,2
3179,0
3180,5
3181,15
3182,18
3183,13
3184,3
3185,-1
3186,3
3187,10
3188,18
3189,16
3190,9
3191,0
3192,0
3193,6
3194,15
3195,17
3196,13
3197,5
3198,-1
3199,3
3200,11
3201,17
3202,16
3203,9
3204,0
3205,0
3206,6
3207,15
3208,18
3209,12
3210,4
3211,-1
3212,3
3213,12
3214,16
3215,16
3216,8
3217,1
3218,0
3219,7
3220,15
3221,18
3222,13
3223,4
3224,-1
3225,2
3226,12
3227,17
3228,16
3229,8
3230,0
3231,0
3232,6
3233,14
3234,19
3235,13
3236,3
3237,-1
3238,2
3239,11
3240,18
3241,16
3242,8
3243,0
3244,0
3245,7
3246,15
3247,17
3248,12
3249,5
3250,-1
3251,2
3252,11
3253,18
3254,17
3255,7
3256,1
3257,0
3258,8
3259,16
3260,18
3261,13
3262,4
3263,-2
3264,3
3265,11
3266,18
3267,16
3268,7
3269,0
3270,0
3271,7
3272,14
3273,18
3274,11
3275,3
3276,-1
3277,3
3278,11
3279,18
3280,16
3281,8
3282,-1
3283,0
3284,7
3285,16
3286,18
3287,12
3288,3
3289,-1
3290,4
3291,11
3292,17
3293,17
3294,8
3295,0
3296,0
3297,6
3298,15
3299,17
3300,12
3301,4
3302,-2
3303,3
3304,12
3305,18
3306,17
3307,8
3308,0
3309,-1
3310,7
3311,16
3312,18
3313,12
3314,3
3315,-1
3316,3
3317,11
3318,18
3319,16
3320,8
3321,0
3322,0
3323,7
3324,15
3325,18
3326,12
3327,3
3328,-1
3329,3
3330,11
3331,17
3332,16
3333,7
3334,0
3335,0
3336,7
3337,15
3338,18
3339,12
3340,3
3341,0
3342,4
3343,12
3344,17
3345,15
3346,7
3347,0
3348,0
3349,7
3350,15
3351,18
3352,12
3353,3
3354,-1
3355,3
3356,11
3357,17
3358,16
3359,8
3360,0
3361,-1
3362,7
3363,16
3364,18
3365,12
3366,3
3367,-2
3368,3
3369,11
3370,18
3371,15
3372,7
3373,0
3374,1
3375,7
3376,15
3377,18
3378,13
3379,3
3380,0
3381,3
3382,12
3383,18
3384,16
3385,8
3386,0
3387,-1
3388,7
3389,16
3390,18
3391,12
3392,3
3393,-1
3394,2
3395,11
3396,18
3397,15
3398,8
3399,-1
3400,0
3401,8
3402,15
3403,18
3404,12
3405,3
3406,-2
3407,3
3408,12
3409,18
3410,17
3411,8
3412,0
3413,0
3414,8
3415,16
3416,18
3417,12
3418,3
3419,-1
3420,3
3421,12
3422,18
3423,16
3424,8
3425,0
3426,0
3427,8
3428,16
3429,17
3430,12
3431,3
3432,-1
3433,3
3434,11
3435,18
3436,16
3437,8
3438,0
3439,-1
3440,7
3441,16
3442,18
3443,12
3444,2
3445,-1
3446,3
3447,12
3448,18
3449,15
3450,7
3451,0
3452,0
3453,7
3454,16
3455,17
3456,12
3457,3
3458,-2
3459,3
3460,12
3461,18
3462,15
3463,6
3464,1
3465,-1
3466,7
3467,16
3468,18
3469,11
3470,3
3471,-1
3472,3
3473,12
3474,18
3475,16
3476,7
3477,-1
3478,0
3479,8
3480,17
3481,17
3482,12
3483,3
3484,-1
3485,3
3486,11
3487,18
3488,16
3489,7
3490,0
3491,1
3492,7
3493,16
3494,18
3495,12
3496,2
3497,-1
3498,3
3499,12
3500,19
3501,15
3502,7
3503,-1
3504,0
3505,7
3506,16
3507,17
3508,10
3509,3
3510,-1
3511,3
3512,12
3513,18
3514,15
3515,7
3516,0
3517,0
3518,7
3519,16
3520,17
3521,12
3522,3
3523,-1
3524,3
3525,12
3526,19
3527,15
3528,7
3529,-1
3530,1
3531,7
3532,16
3533,17
3534,11
3535,3
3536,-2
3537,3
3538,13
3539,18
3540,15
3541,6
3542,0
3543,0
3544,8
3545,16
3546,19
3547,11
3548,3
3549,-1
3550,4
3551,12
3552,17
3553,16
3554,8
3555,-1
3556,1
3557,7
3558,16
3559,17
3560,12
3561,2
3562,-1
3563,3
3564,13
3565,18
3566,15
3567,6
3568,-1
3569,1
3570,8
3571,16
3572,17
3573,11
3574,3
3575,-1
3576,3
3577,13
3578,18
3579,15
3580,7
3581,0
3582,0
3583,8
3584,16
3585,18
3586,11
3587,2
3588,-1
3589,4
3590,13
3591,17
3592,15
3593,7
3594,-1
3595,-1
3596,8
3597,16
3598,17
3599,12
3600,2
3601,-1
3602,4
3603,11
3604,18
3605,15
3606,7
3607,0
3608,0
3609,8
3610,16
3611,18
3612,11
3613,2
3614,-1
3615,4
3616,13
3617,18
3618,16
3619,7
3620,0
3621,1
3622,8
3623,16
3624,17
3625,11
3626,2
3627,-1
3628,3
3629,14
3630,18
3631,15
3632,7
3633,-1
3634,1
3635,8
3636,16
3637,17
3638,11
3639,2
3640,-1
3641,4
3642,13
3643,17
3644,16
3645,6
3646,0
3647,0
3648,8
3649,16
3650,18
3651,11
3652,3
3653,-1
3654,4
3655,13
3656,18
3657,15
3658,7
3659,-1
3660,0
3661,7
3662,16
3663,16
3664,11
3665,2
3666,-1
3667,3
3668,13
3669,18
3670,14
3671,6
3672,0
3673,0
3674,8
3675,15
3676,18
3677,11
3678,2
3679,-1
3680,4
3681,12
3682,19
3683,15
3684,7
3685,1
3686,0
3687,8
3688,16
3689,17
3690,11
3691,2
3692,-1
3693,4
3694,13
3695,20
3696,15
3697,6
3698,-1
3699,0
3700,8
3701,16
3702,17
3703,11
3704,1
3705,-2
3706,4
3707,12
3708,18
3709,16
3710,6
3711,-1
3712,-1
3713,8
3714,15
3715,17
3716,11
3717,2
3718,-1
3719,3
3720,13
3721,18
3722,15
3723,5
3724,-1
3725,1
3726,9
3727,17
3728,18
3729,11
3730,3
3731,0
3732,4
3733,12
3734,17
3735,14
3736,6
3737,0
3738,1
3739,8
3740,17
3741,18
3742,11
3743,3
3744,-2
3745,3
3746,13
3747,18
3748,15
3749,5
3750,-2
3751,0
3752,9
3753,16
3754,17
3755,10
3756,2
3757,-1
3758,4
3759,13
3760,19
3761,16
3762,6
3763,0
3764,1
3765,9
3766,17
3767,17
3768,11
3769,2
3770,-1
3771,4
3772,14
3773,18
3774,14
3775,5
3776,-1
3777,1
3778,8
3779,16
3780,18
3781,11
3782,2
3783,-1
3784,5
3785,13
3786,19
3787,15
3788,6
3789,0
3790,1
3791,8
3792,17
3793,17
3794,10
3795,1
3796,0
3797,4
3798,13
3799,18
3800,13
3801,6
3802,-2
3803,1
3804,9
3805,16
3806,17
3807,11
3808,2
3809,-1
3810,4
3811,13
3812,17
3813,15
3814,6
3815,-1
3816,1
3817,9
3818,16
3819,17
3820,10
3821,2
3822,-1
3823,4
3824,14
3825,18
3826,16
3827,6
3828,-1
3829,2
3830,9
3831,16
3832,17
3833,11
3834,2
3835,-1
3836,5
3837,13
3838,19
3839,15
3840,6
3841,-1
3842,0
3843,9
3844,16
3845,18
3846,11
3847,1
3848,-1
3849,4
3850,14
3851,19
3852,15
3853,6
3854,0
3855,2
3856,9
3857,17
3858,17
3859,11
3860,1
3861,-2
3862,4
3863,13
3864,18
3865,14
3866,6
3867,0
3868,2
3869,9
3870,16
3871,17
3872,11
3873,3
3874,0
3875,4
3876,13
3877,19
3878,15
3879,6
3880,-1
3881,1
3882,10
3883,17
3884,17
3885,10
3886,1
3887,-1
3888,5
3889,13
3890,18
3891,14
3892,5
3893,-1
3894,1
3895,8
3896,17
3897,18
3898,10
3899,1
3900,-1
3901,4
3902,14
3903,17
3904,15
3905,5
3906,-1
3907,1
3908,10
3909,16
3910,16
3911,10
3912,1
3913,-1
3914,5
3915,12
3916,17
3917,15
3918,7
3919,-1
3920,1
3921,9
3922,17
3923,17
3924,9
3925,3
3926,0
3927,4
3928,13
3929,18
3930,15
3931,5
3932,-1
3933,1
3934,10
3935,17
3936,18
3937,10
3938,2
3939,-1
3940,4
3941,13
3942,18
3943,14
3944,5
3945,0
3946,1
3947,9
3948,16
3949,17
3950,9
3951,2
3952,-1
3953,5
3954,14
3955,19
3956,14
3957,6
3958,-1
3959,1
3960,10
3961,16
3962,17
3963,10
3964,1
3965,-1
3966,5
3967,14
3968,18
3969,15
3970,6
3971,-1
3972,2
3973,9
3974,16
3975,18
3976,10
3977,2
3978,-1
3979,5
3980,14
3981,19
3982,14
3983,5
3984,0
3985,0
3986,9
3987,16
3988,16
3989,9
3990,1
3991,-1
3992,5
3993,14
3994,18
3995,14
3996,5
3997,-1
3998,1
3999,9
4000,17
4001,17
4002,9
4003,2
4004,-1
4005,4
4006,15
4007,18
4008,14
4009,5
4010,-1
4011,0
4012,9
4013,17
4014,17
4015,8
4016,1
4017,-1
4018,6
4019,14
4020,18
4021,15
4022,5
4023,-1
4024,1
4025,9
4026,16
4027,18
4028,10
4029,1
4030,-1
4031,5
4032,15
4033,18
4034,15
4035,5
4036,-1
4037,2
4038,10
4039,17
4040,17
4041,10
4042,2
4043,0
4044,4
4045,13
4046,18
4047,14
4048,5
4049,-1
4050,1
4051,10
4052,17
4053,17
4054,10
4055,2
4056,-2
4057,5
4058,15
4059,18
4060,14
4061,4
4062,-1
4063,1
4064,9
4065,16
4066,16
4067,10
4068,2
4069,-2
4070,6
4071,13
4072,19
4073,15
4074,5
4075,-1
4076,1
4077,10
4078,16
4079,17
4080,9
4081,1
4082,0
4083,7
4084,14
4085,18
4086,14
4087,6
4088,-1
4089,2
4090,9
4091,17
4092,17
4093,10
4094,1
4095,0
4096,5
4097,13
4098,18
4099,13
4100,4
4101,-2
4102,1
4103,9
4104,17
4105,17
4106,8
4107,0
4108,-1
4109,6
4110,14
4111,18
4112,14
4113,6
4114,0
4115,1
4116,10
4117,16
4118,17
4119,9
4120,1
4121,-1
4122,6
4123,14
4124,17
4125,14
4126,4
4127,-1
4128,2
4129,9
4130,17
4131,16
4132,8
4133,1
4134,-1
4135,6
4136,15
4137,17
4138,13
4139,5
4140,-1
4141,1
4142,10
4143,18
4144,17
4145,9
4146,1
4147,-1
4148,6
4149,14
4150,18
4151,13
4152,5
4153,0
4154,1
4155,10
4156,18
4157,17
4158,9
4159,1
4160,-1
4161,5
4162,14
4163,19
4164,14
4165,5
4166,-2
4167,2
4168,10
4169,17
4170,16
4171,9
4172,1
4173,-1
4174,5
4175,14
4176,18
4177,14
4178,4
4179,-1
4180,2
4181,10
4182,17
4183,17
4184,9
4185,1
4186,-1
4187,5
4188,14
4189,19
4190,14
4191,4
4192,-1
4193,1
4194,11
4195,17
4196,16
4197,9
4198,1
4199,0
4200,6
4201,15
4202,18
4203,14
4204,5
4205,-1
4206,2
4207,10
4208,18
4209,17
4210,10
4211,1
4212,-1
4213,5
4214,15
4215,18
4216,14
4217,5
4218,-1
4219,1
4220,10
4221,17
4222,16
4223,10
4224,1
4225,-1
4226,5
4227,14
4228,19
4229,13
4230,5
4231,-1
4232,1
4233,10
4234,17
4235,16
4236,10
4237,1
4238,0
4239,6
4240,14
4241,18
4242,14
4243,4
4244,-1
4245,2
4246,10
4247,17
4248,16
4249,8
4250,1
4251,-1
4252,5
4253,15
4254,18
4255,13
4256,4
4257,-3
4258,2
4259,11
4260,17
4261,17
4262,9
4263,1
4264,0
4265,5
4266,15
4267,17
4268,14
4269,4
4270,-2
4271,2
4272,10
4273,17
4274,17
4275,9
4276,0
4277,-1
4278,6
4279,15
4280,18
4281,14
4282,5
4283,-2
4284,2
4285,11
4286,18
4287,16
4288,9
4289,1
4290,-1
4291,6
4292,15
4293,18
4294,12
4295,5
4296,-1
4297,2
4298,11
4299,18
4300,17
4301,8
4302,0
4303,-1
4304,6
4305,14
4306,18
4307,13
4308,4
4309,-1
4310,2
4311,10
4312,17
4313,16
4314,9
4315,0
4316,-1
4317,5
4318,15
4319,18
4320,14
4321,4
4322,-1
4323,2
4324,10
4325,17
4326,16
4327,9
4328,1
4329,-1
4330,5
4331,15
4332,18
4333,13
4334,4
4335,-1
4336,2
4337,11
4338,17
4339,16
4340,9
4341,0
4342,-1
4343,6
4344,14
4345,18
4346,12
4347,4
4348,-1
4349,1
4350,10
4351,18
4352,16
4353,9
4354,1
4355,0
4356,6
4357,15
4358,18
4359,13
4360,3
4361,-1
4362,2
4363,10
4364,17
4365,16
4366,8
4367,0
4368,-1
4369,6
4370,15
4371,17
4372,14
4373,5
4374,-2
4375,1
4376,11
4377,18
4378,16
4379,8
4380,1
4381,0
4382,5
4383,15
4384,18
4385,13
4386,4
4387,-2
4388,3
4389,11
4390,17
4391,16
4392,9
4393,1
4394,-1
4395,6
4396,15
4397,18
4398,13
4399,4
4400,-1
4401,3
4402,12
4403,18
4404,16
4405,9
4406,1
4407,-1
4408,7
4409,16
4410,18
4411,14
4412,4
4413,-1
4414,3
4415,11
4416,17
4417,17
4418,8
4419,0
4420,0
4421,6
4422,15
4423,18
4424,14
4425,4
4426,-1
4427,2
4428,12
4429,18
4430,17
4431,8
4432,1
4433,0
4434,6
4435,15
4436,17
4437,12
4438,5
4439,-1
4440,2
4441,12
4442,17
4443,16
4444,9
4445,0
4446,-1
4447,6
4448,14
4449,18
4450,13
4451,5
4452,-1
4453,2
4454,10
4455,17
4456,16
4457,8
4458,0
4459,-1
4460,6
4461,15
4462,19
4463,13
4464,4
4465,-1
4466,3
4467,11
4468,18
4469,16
4470,8
4471,0
4472,0
4473,7
4474,15
4475,18
4476,12
4477,4
4478,-1
4479,2
4480,11
4481,18
4482,16
4483,8
4484,0
4485,0
4486,7
4487,15
4488,18
4489,13
4490,4
4491,-2
4492,2
4493,11
4494,17
4495,16
4496,8
4497,0
4498,0
4499,7
4500,15
4501,18
4502,12
4503,3
4504,-2
4505,2
4506,12
4507,18
4508,16
4509,8
4510,1
4511,-1
4512,6
4513,15
4514,18
4515,12
4516,3
4517,-1
4518,2
4519,11
4520,17
4521,16
4522,8
4523,0
4524,0
4525,6
4526,14
4527,18
4528,13
4529,4
4530,-1
4531,3
4532,11
4533,18
4534,16
4535,8
4536,1
4537,0
4538,7
4539,15
4540,18
4541,13
4542,4
4543,-1
4544,3
4545,11
4546,17
4547,15
4548,8
4549,1
4550,0
4551,6
4552,15
4553,18
4554,12
4555,3
4556,-2
4557,2
4558,12
4559,16
4560,16
4561,8
4562,0
4563,0
4564,6
4565,15
4566,17
4567,13
4568,4
4569,-1
4570,2
4571,11
4572,17
4573,17
4574,8
4575,0
4576,0
4577,7
4578,15
4579,17
4580,12
4581,3
4582,-1
4583,3
4584,11
4585,18
4586,16
4587,8
4588,0
4589,0
4590,7
4591,16
4592,18
4593,12
4594,3
4595,-1
4596,4
4597,12
4598,18
4599,15
4600,8
4601,0
4602,-1
4603,7
4604,16
4605,18
4606,12
4607,3
4608,0
4609,2
4610,12
4611,17
4612,16
4613,7
4614,-1
4615,0
4616,7
4617,16
4618,18
4619,11
4620,3
4621,-2
4622,3
4623,11
4624,17
4625,16
4626,7
4627,0
4628,-1
4629,6
4630,15
4631,18
4632,12
4633,2
4634,-2
4635,3
4636,12
4637,18
4638,15
4639,7
4640,-1
4641,-1
4642,7
4643,16
4644,18
4645,12
4646,3
4647,0
4648,2
4649,12
4650,18
4651,15
4652,7
4653,0
4654,0
4655,6
4656,16
4657,19
4658,12
4659,2
4660,0
4661,4
4662,12
4663,18
4664,16
4665,7
4666,0
4667,0
4668,7
4669,15
4670,18
4671,12
4672,4
4673,0
4674,3
4675,12
4676,18
4677,15
4678,7
4679,0
4680,0
4681,7
4682,15
4683,18
4684,11
4685,4
4686,-1
4687,2
4688,11
4689,18
4690,16
4691,8
4692,1
4693,0
4694,8
4695,16
4696,17
4697,12
4698,3
4699,-1
4700,3
4701,12
4702,18
4703,15
4704,7
4705,-1
4706,0
4707,7
4708,16
4709,18
4710,11
4711,2
4712,-1
4713,4
4714,12
4715,18
4716,16
4717,6
4718,0
4719,0
4720,7
4721,16
4722,19
4723,12
4724,4
4725,-2
4726,3
4727,12
4728,19
4729,16
4730,8
4731,0
4732,0
4733,7
4734,16
4735,18
4736,12
4737,3
4738,-1
4739,3
4740,12
4741,18
4742,15
4743,7
4744,0
4745,1
4746,7
4747,15
4748,17
4749,11
4750,2
4751,-1
4752,3
4753,12
4754,18
4755,16
4756,7
4757,0
4758,0
4759,8
4760,15
4761,17
4762,12
4763,3
4764,-1
4765,4
4766,12
4767,17
4768,15
4769,7
4770,-1
4771,0
4772,8
4773,16
4774,18
4775,11
4776,2
4777,0
4778,3
4779,12
4780,18
4781,15
4782,7
4783,-1
4784,0
4785,8
4786,16
4787,18
4788,11
4789,3
4790,-1
4791,3
4792,12
4793,18
4794,17
4795,7
4796,0
4797,0
4798,8
4799,16
4800,18
4801,11
4802,3
4803,-1
4804,3
4805,12
4806,18
4807,16
4808,7
4809,0
4810,1
4811,8
4812,16
4813,17
4814,12
4815,2
4816,-1
4817,3
4818,13
4819,18
4820,15
4821,6
4822,0
4823,0
4824,8
4825,16
4826,18
4827,11
4828,3
4829,-1
4830,3
4831,12
4832,18
4833,15
4834,7
4835,0
4836,0
4837,8
4838,16
4839,17
4840,11
4841,3
4842,-1
4843,3
4844,13
4845,18
4846,16
4847,6
4848,0
4849,1
4850,9
4851,15
4852,17
4853,12
4854,3
4855,-1
4856,4
4857,12
4858,19
4859,15
4860,6
4861,0
4862,0
4863,8
4864,16
4865,17
4866,11
4867,3
4868,-1
4869,3
4870,13
4871,19
4872,15
4873,7
4874,0
4875,1
4876,8
4877,16
4878,17
4879,11
4880,2
4881,-1
4882,3
4883,13
4884,18
4885,15
4886,7
4887,0
4888,0
4889,7
4890,16
4891,18
4892,12
4893,2
4894,-1
4895,4
4896,12
4897,19
4898,16
4899,7
4900,0
4901,1
4902,8
4903,16
4904,17
4905,11
4906,3
4907,-1
4908,4
4909,12
4910,18
4911,15
4912,7
4913,0
4914,0
4915,9
4916,17
4917,17
4918,11
4919,3
4920,-1
4921,4
4922,13
4923,18
4924,15
4925,6
4926,0
4927,-1
4928,7
4929,16
4930,17
4931,11
4932,2
4933,-2
4934,4
4935,12
4936,17
4937,15
4938,7
4939,0
4940,1
4941,8
4942,16
4943,17
4944,11
4945,3
4946,-1
4947,4
4948,13
4949,18
4950,15
4951,7
4952,-1
4953,2
4954,7
4955,16
4956,18
4957,10
4958,2
4959,-1
4960,4
4961,13
4962,18
4963,14
4964,6
4965,0
4966,0
4967,8
4968,15
4969,18
4970,11
4971,2
4972,-1
4973,3
4974,13
4975,18
4976,15
4977,7
4978,0
4979,0
4980,8
4981,16
4982,17
4983,10
4984,2
4985,-1
4986,4
4987,12
4988,18
4989,15
4990,7
4991,1
4992,1
4993,8
4994,16
4995,17
4996,11
4997,1
4998,-2
4999,4
5000,13
5001,18
5002,15
5003,6
5004,-1
5005,0
5006,7
5007,16
5008,18
5009,10
5010,2
5011,-1
5012,3
5013,13
5014,17
5015,14
5016,7
5017,-1
5018,0
5019,8
5020,17
5021,17
5022,10
5023,3
5024,-1
5025,3
5026,13
5027,18
5028,14
5029,6
5030,-1
5031,1
5032,9
5033,17
5034,18
5035,11
5036,2
5037,-1
5038,5
5039,13
5040,18
5041,15
5042,6
5043,-1
5044,0
5045,9
5046,17
5047,18
5048,10
5049,1
5050,-1
5051,3
5052,13
5053,18
5054,15
5055,6
5056,-1
5057,1
5058,9
5059,15
5060,18
5061,10
5062,2
5063,-1
5064,5
5065,13
5066,18
5067,14
5068,6
5069,0
5070,1
5071,9
5072,17
5073,18
5074,11
5075,1
5076,-1
5077,3
5078,13
5079,17
5080,15
5081,7
5082,-1
5083,0
5084,9
5085,16
5086,17
5087,10
5088,1
5089,-2
5090,4
5091,13
5092,18
5093,15
5094,5
5095,0
5096,1
5097,9
5098,16
5099,17
5100,10
5101,1
5102,-1
5103,4
5104,13
5105,18
5106,14
5107,6
5108,-1
5109,1
5110,9
5111,16
5112,17
5113,10
5114,2
5115,-1
5116,4
5117,13
5118,18
5119,14
5120,5
5121,-1
5122,0
5123,9
5124,16
5125,17
5126,10
5127,2
5128,-1
5129,4
5130,13
5131,17
5132,15
5133,6
5134,-1
5135,1
5136,9
5137,16
5138,16
5139,10
5140,2
5141,-2
5142,4
5143,14
5144,18
5145,14
5146,5
5147,-1
5148,1
5149,8
5150,16
5151,17
5152,10
5153,2
5154,-2
5155,4
5156,12
5157,17
5158,14
5159,5
5160,0
5161,1
5162,10
5163,18
5164,17
5165,9
5166,1
5167,-1
5168,4
5169,14
5170,18
5171,13
5172,6
5173,-1
5174,1
5175,8
5176,17
5177,16
5178,9
5179,2
5180,-1
5181,4
5182,14
5183,18
5184,14
5185,5
5186,0
5187,1
5188,9
5189,16
5190,16
5191,10
5192,1
5193,-2
5194,5
5195,14
5196,19
5197,15
5198,6
5199,-1
5200,0
5201,9
5202,17
5203,17
5204,10
5205,1
5206,-1
5207,5
5208,14
5209,18
5210,14
5211,5
5212,-1
5213,0
5214,9
5215,17
5216,17
5217,10
5218,2
5219,-1
5220,5
5221,14
5222,18
5223,14
5224,6
5225,-1
5226,1
5227,9
5228,17
5229,17
5230,11
5231,1
5232,-1
5233,5
5234,13
5235,18
5236,15
5237,5
5238,0
5239,1
5240,9
5241,17
5242,16
5243,9
5244,1
5245,0
5246,4
5247,14
5248,19
5249,15
5250,6
5251,-1
5252,1
5253,9
5254,17
5255,17
5256,10
5257,1
5258,-1
5259,5
5260,13
5261,19
5262,14
5263,5
5264,-1
5265,1
5266,10
5267,17
5268,17
5269,10
5270,1
5271,-1
5272,6
5273,14
5274,18
5275,14
5276,5
5277,-1
5278,1
5279,10
5280,17
5281,18
5282,10
5283,1
5284,-1
5285,4
5286,14
5287,18
5288,14
5289,5
5290,0
5291,1
5292,11
5293,18
5294,16
5295,10
5296,1
5297,-1
5298,5
5299,13
5300,18
5301,14
5302,7
5303,-2
5304,1
5305,9
5306,17
5307,17
5308,9
5309,1
5310,-1
5311,4
5312,13
5313,19
5314,14
5315,5
5316,-1
5317,1
5318,9
5319,18
5320,17
5321,9
5322,1
5323,-1
5324,5
5325,14
5326,18
5327,14
5328,5
5329,-1
5330,1
5331,10
5332,17
5333,16
5334,10
5335,1
5336,-1
5337,5
5338,13
5339,18
5340,14
5341,4
5342,-1
5343,1
5344,10
5345,17
5346,17
5347,9
5348,2
5349,-1
5350,5
5351,13
5352,17
5353,14
5354,5
5355,-2
5356,2
5357,9
5358,17
5359,17
5360,9
5361,2
5362,-1
5363,6
5364,14
5365,18
5366,14
5367,5
5368,-2
5369,1
5370,10
5371,17
5372,17
5373,9
5374,1
5375,-1
5376,5
5377,13
5378,18
5379,14
5380,5
5381,0
5382,1
5383,10
5384,17
5385,16
5386,9
5387,1
5388,0
5389,6
5390,14
5391,18
5392,14
5393,5
5394,0
5395,2
5396,10
5397,18
5398,17
5399,9
5400,1
5401,-1
5402,5
5403,14
5404,18
5405,14
5406,4
5407,-1
5408,2
5409,9
5410,16
5411,16
5412,9
5413,1
5414,-2
5415,5
5416,14
5417,18
5418,14
5419,4
5420,-1
5421,1
5422,9
5423,18
5424,16
5425,8
5426,1
5427,-1
5428,5
5429,15
5430,18
5431,13
5432,4
5433,-1
5434,1
5435,10
5436,16
5437,17
5438,9
5439,1
5440,-2
5441,6
5442,14
5443,18
5444,14
5445,4
5446,-1
5447,1
5448,10
5449,17
5450,18
5451,9
5452,1
5453,-1
5454,5
5455,14
5456,18
5457,14
5458,5
5459,-2
5460,1
5461,10
5462,17
5463,17
5464,9
5465,0
5466,-1
5467,5
5468,14
5469,18
5470,13
5471,5
5472,-1
5473,1
5474,10
5475,18
5476,17
5477,9
5478,1
5479,-1
5480,6
5481,14
5482,19
5483,13
5484,4
5485,0
5486,2
5487,10
5488,17
5489,16
5490,8
5491,1
5492,0
5493,5
5494,14
5495,18
5496,14
5497,4
5498,0
5499,2
5500,10
5501,17
5502,17
5503,9
5504,0
5505,0
5506,5
5507,15
5508,18
5509,13
5510,5
5511,0
5512,1
5513,11
5514,17
5515,16
5516,9
5517,2
5518,1
5519,6
5520,15
5521,18
5522,14
5523,4
5524,-2
5525,1
5526,10
5527,17
5528,16
5529,9
5530,0
5531,-1
5532,5
5533,15
5534,18
5535,14
5536,3
5537,0
5538,1
5539,10
5540,18
5541,17
5542,9
5543,1
5544,0
5545,5
5546,15
5547,18
5548,14
5549,4
5550,-1
5551,2
5552,10
5553,18
5554,17
5555,9
5556,1
5557,-1
5558,5
5559,14
5560,18
5561,13
5562,4
5563,-2
5564,1
5565,10
5566,17
5567,16
5568,8
5569,1
5570,0
5571,5
5572,14
5573,18
5574,13
5575,4
5576,-1
5577,1
5578,10
5579,17
5580,16
5581,8
5582,0
5583,-1
5584,6
5585,15
5586,19
5587,13
5588,4
5589,-2
5590,1
5591,11
5592,16
5593,16
5594,9
5595,0
5596,-1
5597,5
5598,15
5599,17
5600,13
5601,3
5602,-1
5603,1
5604,11
5605,17
5606,16
5607,8
5608,0
5609,0
5610,6
5611,15
5612,17
5613,13
5614,4
5615,-1
5616,2
5617,10
5618,17
5619,17
5620,7
5621,0
5622,-2
5623,5
5624,15
5625,18
5626,12
5627,4
5628,-2
5629,1
5630,10
5631,16
5632,17
5633,8
5634,0
5635,-1
5636,6
5637,15
5638,19
5639,13
5640,4
5641,0
5642,2
5643,10
5644,17
5645,17
5646,9
5647,1
5648,-1
5649,7
5650,14
5651,18
5652,12
5653,4
5654,-1
5655,1
5656,10
5657,17
5658,16
5659,9
5660,1
5661,0
5662,6
5663,15
5664,18
5665,12
5666,4
5667,-1
5668,3
5669,11
5670,18
5671,18
5672,9
5673,1
5674,0
5675,6
5676,14
5677,18
5678,13
5679,4
5680,-1
5681,2
5682,11
5683,17
5684,17
5685,8
5686,0
5687,0
5688,6
5689,14
5690,18
5691,13
5692,3
5693,-1
5694,1
5695,11
5696,18
5697,15
5698,7
5699,1
5700,-1
5701,6
5702,15
5703,17
5704,12
5705,2
5706,-2
5707,2
5708,11
5709,18
5710,15
5711,8
5712,0
5713,-1
5714,6
5715,15
5716,18
5717,13
5718,4
5719,-2
5720,2
5721,12
5722,17
5723,17
5724,9
5725,0
5726,-1
5727,6
5728,14
5729,18
5730,13
5731,3
5732,-1
5733,2
5734,10
5735,17
5736,16
5737,8
5738,0
5739,0
5740,6
5741,15
5742,18
5743,13
5744,4
5745,-2
5746,3
5747,11
5748,17
5749,16
5750,8
5751,0
5752,-1
5753,7
5754,15
5755,18
5756,13
5757,4
5758,-1
5759,2
5760,12
5761,18
5762,17
5763,8
5764,0
5765,0
5766,6
5767,15
5768,19
5769,12
5770,4
5771,-1
5772,3
5773,12
5774,17
5775,17
5776,8
5777,0
5778,0
5779,7
5780,16
5781,18
5782,12
5783,3
5784,-1
5785,3
5786,11
5787,18
5788,16
5789,8
5790,1
5791,0
5792,7
5793,15
5794,18
5795,13
5796,4
5797,-1
5798,2
5799,11
5800,17
5801,16
5802,8
5803,-1
5804,-1
5805,6
5806,15
5807,17
5808,12
5809,3
5810,-2
5811,2
5812,11
5813,18
5814,15
5815,8
5816,0
5817,-1
5818,6
5819,15
5820,17
5821,12
5822,3
5823,-2
5824,3
5825,12
5826,17
5827,15
5828,7
5829,0
5830,-1
5831,7
5832,15
5833,18
5834,11
5835,4
5836,-1
5837,2
5838,12
5839,18
5840,15
5841,7
5842,0
5843,-1
5844,7
5845,15
5846,19
5847,13
5848,3
5849,-1
5850,3
5851,12
5852,16
5853,16
5854,8
5855,0
5856,0
5857,7
5858,15
5859,18
5860,12
5861,3
5862,-1
5863,2
5864,11
5865,17
5866,15
5867,7
5868,1
5869,-1
5870,7
5871,15
5872,18
5873,12
5874,3
5875,-1
5876,3
5877,11
5878,18
5879,16
5880,8
5881,1
5882,0
5883,7
5884,16
5885,19
5886,12
5887,3
5888,-1
5889,3
5890,12
5891,18
5892,15
5893,8
5894,-1
5895,0
5896,7
5897,16
5898,18
5899,12
5900,2
5901,-1
5902,3
5903,11
5904,17
5905,16
5906,7
5907,1
5908,-1
5909,6
5910,15
5911,17
5912,13
5913,3
5914,-1
5915,2
5916,12
5917,18
5918,16
5919,7
5920,-1
5921,0
5922,7
5923,16
5924,18
5925,12
5926,2
5927,-2
5928,3
5929,12
5930,18
5931,15
5932,8
5933,0
5934,0
5935,7
5936,15
5937,18
5938,12
5939,3
5940,-2
5941,2
5942,11
5943,17
5944,15
5945,7
5946,0
5947,0
5948,7
5949,15
5950,18
5951,12
5952,3
5953,-1
5954,3
5955,12
5956,18
5957,16
5958,8
5959,-1
5960,0
5961,7
5962,15
5963,17
5964,12
5965,3
5966,-1
5967,3
5968,12
5969,18
5970,15
5971,7
5972,-1
5973,0
5974,7
5975,16
5976,18
5977,12
5978,4
5979,-1
5980,3
5981,12
5982,17
5983,16
5984,7
5985,-1
5986,-1
5987,7
5988,15
5989,18
5990,11
5991,3
5992,-1
5993,3
5994,11
5995,17
5996,15
5997,6
5998,-1
5999,1
6000,8
6001,15
6002,18
6003,11
6004,3
6005,-1
6006,3
6007,11
6008,18
6009,16
6010,7
6011,-1
6012,1
6013,7
6014,16
6015,18
6016,12
6017,3
6018,-1
6019,3
6020,12
6021,18
6022,16
6023,8
6024,1
6025,0
6026,7
6027,15
6028,17
6029,11
6030,2
6031,-2
6032,3
6033,12
6034,19
6035,15
6036,7
6037,0
6038,0
6039,7
6040,16
6041,18
6042,11
6043,3
6044,-1
6045,2
6046,12
6047,18
6048,16
6049,7
6050,0
6051,0
6052,7
6053,16
6054,18
6055,11
6056,3
6057,0
6058,3
6059,13
6060,19
6061,15
6062,7
6063,0
6064,0
6065,7
6066,16
6067,17
6068,11
6069,3
6070,-2
6071,3
6072,11
6073,19
6074,16
6075,7
6076,0
6077,0
6078,8
6079,15
6080,17
6081,12
6082,3
6083,-1
6084,4
6085,12
6086,18
6087,16
6088,6
6089,-1
6090,-1
6091,7
6092,16
6093,18
6094,11
6095,3
6096,-1
6097,3
6098,12
6099,18
6100,15
6101,7
6102,0
6103,1
6104,7
6105,16
6106,18
6107,11
6108,2
6109,-1
6110,3
6111,12
6112,18
6113,15
6114,7
6115,0
6116,0
6117,8
6118,16
6119,18
6120,11
6121,2
6122,-2
6123,3
6124,12
6125,18
6126,14
6127,7
6128,0
6129,0
6130,8
6131,16
6132,18
6133,11
6134,2
6135,-1
6136,4
6137,12
6138,18
6139,15
6140,6
6141,0
6142,0
6143,8
6144,16
6145,17
6146,11
6147,2
6148,-2
6149,4
6150,13
6151,19
6152,14
6153,6
6154,0
6155,0
6156,7
6157,16
6158,17
6159,11
6160,2
6161,-2
6162,3
6163,12
6164,17
6165,15
6166,6
6167,-1
6168,0
6169,8
6170,16
6171,17
6172,10
6173,2
6174,-1
6175,4
6176,13
6177,18
6178,16
6179,7
6180,-1
6181,1
6182,8
6183,16
6184,18
6185,10
6186,3
6187,-1
6188,4
6189,13
6190,18
6191,15
6192,6
6193,0
6194,0
6195,8
6196,16
6197,18
6198,11
6199,2
6200,-1
6201,3
6202,12
6203,18
6204,15
6205,6
6206,-1
6207,1
6208,8
6209,16
6210,18
6211,11
6212,1
6213,-1
6214,4
6215,12
6216,18
6217,15
6218,6
6219,-1
6220,1
6221,8
6222,16
6223,17
6224,11
6225,2
6226,-2
6227,4
6228,12
6229,17
6230,15
6231,6
6232,1
6233,1
6234,8
6235,15
6236,18
6237,10
6238,1
6239,-1
6240,4
6241,12
6242,18
6243,14
6244,7
6245,-1
6246,0
6247,9
6248,16
6249,17
6250,11
6251,3
6252,0
6253,4
6254,13
6255,18
6256,13
6257,6
6258,-2
6259,-1
6260,9
6261,16
6262,17
6263,11
6264,2
6265,-1
6266,4
6267,12
6268,18
6269,16
6270,6
6271,-1
6272,1
6273,8
6274,16
6275,16
6276,10
6277,2
6278,-1
6279,3
6280,13
6281,17
6282,15
6283,5
6284,-1
6285,0
6286,8
6287,15
6288,17
6289,11
6290,2
6291,-1
6292,3
6293,13
6294,17
6295,15
6296,6
6297,-1
6298,0
6299,8
6300,17
6301,17
6302,10
6303,2
6304,-2
6305,4
6306,12
6307,18
6308,14
6309,5
6310,-1
6311,1
6312,9
6313,17
6314,16
6315,10
6316,1
6317,-1
6318,3
6319,13
6320,17
6321,14
6322,6
6323,-1
6324,1
6325,9
6326,16
6327,17
6328,10
6329,2
6330,-2
6331,4
6332,13
6333,19
6334,15
6335,5
6336,-1
6337,0
6338,8
6339,17
6340,17
6341,10
6342,2
6343,-1
6344,5
6345,13
6346,18
6347,14
6348,6
6349,-2
6350,0
6351,9
6352,17
6353,16
6354,11
6355,2
6356,-1
6357,4
6358,13
6359,18
6360,15
6361,5
6362,-1
6363,2
6364,9
6365,17
6366,16
6367,11
6368,2
6369,-1
6370,4
6371,13
6372,18
6373,15
6374,6
6375,-1
6376,2
6377,9
6378,16
6379,17
6380,10
6381,2
6382,-1
6383,4
6384,14
6385,18
6386,14
6387,5
6388,-1
6389,0
6390,9
6391,17
6392,17
6393,11
6394,1
6395,-1
6396,4
6397,13
6398,18
6399,14
6400,5
6401,-1
6402,1
6403,9
6404,16
6405,17
6406,11
6407,1
6408,-1
6409,3
6410,13
6411,18
6412,15
6413,6
6414,-1
6415,1
6416,9
6417,16
6418,18
6419,10
6420,2
6421,-1
6422,4
6423,13
6424,17
6425,15
6426,6
6427,-1
6428,0
6429,8
6430,17
6431,17
6432,10
6433,1
6434,-1
6435,4
6436,13
6437,19
6438,15
6439,5
6440,0
6441,0
6442,9
6443,17
6444,17
6445,10
6446,1
6447,-1
6448,4
6449,13
6450,17
6451,15
6452,5
6453,-1
6454,0
6455,10
6456,17
6457,17
6458,10
6459,2
6460,-1
6461,4
6462,14
6463,18
6464,14
6465,6
6466,-1
6467,3
6468,10
6469,17
6470,17
6471,11
6472,2
6473,0
6474,4
6475,14
6476,18
6477,15
6478,5
6479,-1
6480,1
6481,9
6482,17
6483,18
6484,10
6485,2
6486,-1
6487,5
6488,13
6489,19
6490,14
6491,5
6492,0
6493,2
6494,9
6495,17
6496,18
6497,10
6498,2
6499,-1
6500,5
6501,14
6502,18
6503,14
6504,6
6505,-1
6506,2
6507,9
6508,16
6509,18
6510,11
6511,2
6512,-1
6513,5
6514,14
6515,17
6516,14
6517,6
6518,-2
6519,1
6520,9
6521,17
6522,17
6523,10
6524,3
6525,-1
6526,5
6527,14
6528,19
6529,14
6530,5
6531,-1
6532,1
6533,9
6534,16
6535,17
6536,9
6537,2
6538,-1
6539,5
6540,14
6541,18
6542,14
6543,5
6544,-1
6545,1
6546,10
6547,17
6548,17
6549,10
6550,2
6551,-1
6552,5
6553,13
6554,18
6555,14
6556,5
6557,-1
6558,1
6559,9
6560,17
6561,16
6562,10
6563,1
6564,0
6565,5
6566,14
6567,18
6568,14
6569,5
6570,-1
6571,0
6572,10
6573,17
6574,17
6575,10
6576,2
6577,-1
6578,5
6579,13
6580,17
6581,14
6582,5
6583,0
6584,1
6585,9
6586,16
6587,17
6588,10
6589,1
6590,-2
6591,5
6592,13
6593,18
6594,14
6595,5
6596,-2
6597,2
6598,11
6599,17
6600,15
6601,10
6602,1
6603,-1
6604,4
6605,14
6606,18
6607,14
6608,4
6609,-1
6610,1
6611,10
6612,17
6613,17
6614,10
6615,1
6616,0
6617,5
6618,14
6619,17
6620,14
6621,4
6622,-1
6623,0
6624,10
6625,16
6626,16
6627,10
6628,0
6629,-1
6630,6
6631,14
6632,18
6633,14
6634,4
6635,-1
6636,2
6637,9
6638,16
6639,17
6640,9
6641,1
6642,0
6643,6
6644,14
6645,17
6646,13
6647,5
6648,0
6649,1
6650,10
6651,16
6652,17
6653,9
6654,0
6655,-1
6656,4
6657,13
6658,18
6659,13
6660,4
6661,-1
6662,2
6663,9
6664,17
6665,17
6666,10
6667,1
6668,-1
6669,6
6670,13
6671,18
6672,13
6673,5
6674,-2
6675,2
6676,10
6677,18
6678,16
6679,9
6680,2
6681,0
6682,6
6683,14
6684,17
6685,14
6686,5
6687,-1
6688,0
6689,10
6690,17
6691,17
6692,9
6693,1
6694,0
6695,5
6696,13
6697,18
6698,13
6699,5
6700,-1
6701,1
6702,10
6703,18
6704,16
6705,9
6706,2
6707,-1
6708,5
6709,14
6710,18
6711,13
6712,5
6713,-1
6714,1
6715,10
6716,16
6717,17
6718,9
6719,0
6720,-1
6721,5
6722,14
6723,19
6724,12
6725,5
6726,-1
6727,2
6728,10
6729,17
6730,18
6731,9
6732,1
6733,0
6734,6
6735,15
6736,18
6737,13
6738,4
6739,0
6740,1
6741,11
6742,17
6743,17
6744,9
6745,1
6746,-1
6747,6
6748,14
6749,17
6750,12
6751,5
6752,-2
6753,2
6754,11
6755,17
6756,17
6757,9
6758,0
6759,-1
6760,6
6761,14
6762,18
6763,14
6764,4
6765,-1
6766,1
6767,11
6768,17
6769,17
6770,8
6771,1
6772,-2
6773,5
6774,15
6775,18
6776,13
6777,4
6778,-1
6779,3
6780,12
6781,17
6782,17
6783,9
6784,1
6785,-1
6786,6
6787,15
6788,18
6789,13
6790,4
6791,-1
6792,1
6793,10
6794,17
6795,16
6796,9
6797,0
6798,0
6799,6
6800,15
6801,19
6802,13
6803,4
6804,-2
6805,1
6806,10
6807,17
6808,17
6809,9
6810,1
6811,-2
6812,5
6813,13
6814,18
6815,13
6816,3
6817,-2
6818,2
6819,10
6820,17
6821,16
6822,9
6823,0
6824,-1
6825,6
6826,15
6827,17
6828,13
6829,3
6830,-1
6831,2
6832,10
6833,17
6834,15
6835,8
6836,1
6837,-1
6838,6
6839,14
6840,18
6841,13
6842,5
6843,-1
6844,1
6845,9
6846,17
6847,17
6848,10
6849,0
6850,-1
6851,6
6852,14
6853,17
6854,13
6855,4
6856,-2
6857,1
6858,11
6859,17
6860,17
6861,9
6862,0
6863,0
6864,6
6865,15
6866,18
6867,13
6868,4
6869,0
6870,3
6871,10
6872,18
6873,17
6874,9
6875,0
6876,0
6877,5
6878,14
6879,18
6880,13
6881,4
6882,-2
6883,1
6884,10
6885,18
6886,16
6887,9
6888,1
6889,-1
6890,6
6891,14
6892,17
6893,13
6894,4
6895,-1
6896,2
6897,11
6898,18
6899,16
6900,9
6901,0
6902,0
6903,6
6904,15
6905,17
6906,12
6907,4
6908,-1
6909,1
6910,11
6911,17
6912,17
6913,9
6914,1
6915,-1
6916,6
6917,14
6918,18
6919,13
6920,4
6921,-2
6922,1
6923,10
6924,18
6925,16
6926,8
6927,0
6928,0
6929,6
6930,15
6931,17
6932,13
6933,4
6934,-2
6935,2
6936,10
6937,18
6938,17
6939,9
6940,1
6941,-1
6942,7
6943,15
6944,18
6945,13
6946,4
6947,-1
6948,2
6949,10
6950,18
6951,16
6952,9
6953,0
6954,0
6955,7
6956,15
6957,18
6958,13
6959,4
6960,0
6961,2
6962,11
6963,17
6964,17
6965,8
6966,0
6967,0
6968,8
6969,15
6970,18
6971,13
6972,5
6973,-1
6974,3
6975,11
6976,17
6977,16
6978,9
6979,1
6980,-1
6981,7
6982,15
6983,17
6984,13
6985,4
6986,-1
6987,2
6988,11
6989,17
6990,17
6991,8
6992,1
6993,0
6994,7
6995,15
6996,18
6997,12
6998,4
6999,-1
7000,2
7001,11
7002,17
7003,15
7004,8
7005,0
7006,-1
7007,6
7008,16
7009,17
7010,13
7011,5
7012,-1
7013,1
7014,11
7015,17
7016,15
7017,8
7018,0
7019,0
7020,6
7021,15
7022,18
7023,13
7024,4
7025,-1
7026,2
7027,11
7028,18
7029,16
7030,8
7031,-1
7032,-1
7033,6
7034,16
7035,18
7036,13
7037,4
7038,-1
7039,3
7040,11
7041,17
7042,16
7043,8
7044,0
7045,0
7046,6
7047,15
7048,17
7049,12
7050,3
7051,-1
7052,3
7053,11
7054,17
7055,15
7056,7
7057,-1
7058,0
7059,5
7060,16
7061,17
7062,12
7063,4
7064,-1
7065,2
7066,10
7067,18
7068,16
7069,7
7070,0
7071,-1
7072,6
7073,15
7074,18
7075,12
7076,3
7077,-1
7078,3
7079,11
7080,17
7081,16
7082,7
7083,0
7084,0
7085,7
7086,15
7087,17
7088,12
7089,3
7090,-1
7091,3
7092,11
7093,17
7094,16
7095,8
7096,0
7097,-1
7098,6
7099,15
7100,18
7101,12
7102,3
7103,-1
7104,3
7105,11
7106,17
7107,16
7108,8
7109,1
7110,0
7111,7
7112,15
7113,18
7114,11
7115,3
7116,-1
7117,2
7118,11
7119,16
7120,16
7121,9
7122,-1
7123,0
7124,7
7125,15
7126,19
7127,11
7128,2
7129,-2
7130,3
7131,12
7132,19
7133,17
7134,7
7135,0
7136,-1
7137,6
7138,15
7139,17
7140,11
7141,4
7142,-1
7143,3
7144,12
7145,19
7146,16
7147,7
7148,0
7149,0
7150,6
7151,15
7152,17
7153,12
7154,3
7155,-1
7156,3
7157,11
7158,18
7159,15
7160,7
7161,-1
7162,-1
7163,7
7164,15
7165,19
7166,11
7167,3
7168,-1
7169,3
7170,11
7171,18
7172,16
7173,7
7174,-1
7175,-1
7176,7
7177,15
7178,17
7179,11
7180,3
7181,-1
7182,3
7183,12
7184,17
7185,15
7186,8
7187,-1
7188,0
7189,7
7190,15
7191,18
7192,12
7193,3
7194,-1
7195,3
7196,11
7197,17
7198,15
7199,7
7200,0
7201,0
7202,7
7203,15
7204,17
7205,13
7206,2
7207,-1
7208,2
7209,12
7210,17
7211,16
7212,6
7213,0
7214,0
7215,6
7216,14
7217,18
7218,12
7219,2
7220,-1
7221,3
7222,11
7223,17
7224,15
7225,8
7226,-1
7227,-2
7228,6
7229,16
7230,18
7231,12
7232,2
7233,-1
7234,3
7235,12
7236,18
7237,16
7238,7
7239,0
7240,-1
7241,8
7242,15
7243,17
7244,11
7245,3
7246,-1
7247,4
7248,11
7249,17
7250,15
7251,7
7252,0
7253,-1
7254,7
7255,15
7256,17
7257,12
7258,2
7259,-1
7260,2
7261,11
7262,17
7263,15
7264,7
7265,0
7266,0
7267,7
7268,16
7269,18
7270,12
7271,3
7272,-1
7273,3
7274,12
7275,17
7276,16
7277,7
7278,-1
7279,0
7280,7
7281,15
7282,17
7283,10
7284,2
7285,-2
7286,3
7287,12
7288,17
7289,15
7290,7
7291,-1
7292,0
7293,6
7294,16
7295,18
7296,11
7297,3
7298,-1
7299,3
7300,13
7301,18
7302,16
7303,7
7304,0
7305,-1
7306,7
7307,15
7308,18
7309,12
7310,2
7311,-3
7312,3
7313,12
7314,17
7315,15
7316,6
7317,-1
7318,0
7319,7
7320,16
7321,17
7322,11
7323,3
7324,-2
7325,3
7326,11
7327,17
7328,15
7329,6
7330,-1
7331,-1
7332,8
7333,15
7334,17
7335,11
7336,2
7337,-1
7338,4
7339,12
7340,17
7341,15
7342,6
7343,0
7344,0
7345,7
7346,16
7347,17
7348,12
7349,3
7350,-2
7351,4
7352,11
7353,18
7354,15
7355,7
7356,0
7357,0
7358,8
7359,16
7360,18
7361,10
7362,3
7363,-2
7364,4
7365,12
7366,18
7367,17
7368,6
7369,0
7370,1
7371,8
7372,16
7373,17
7374,11
7375,2
7376,-1
7377,4
7378,12
7379,17
7380,15
7381,6
7382,0
7383,0
7384,7
7385,15
7386,17
7387,11
7388,2
7389,-1
7390,3
7391,12
7392,18
7393,15
7394,7
7395,-1
7396,0
7397,8
7398,16
7399,17
7400,11
7401,2
7402,-1
7403,3
7404,12
7405,18
7406,16
7407,7
7408,0
7409,1
7410,8
7411,16
7412,17
7413,11
7414,2
7415,-1
7416,3
7417,13
7418,18
7419,14
7420,6
7421,1
7422,0
7423,8
7424,16
7425,16
7426,11
7427,2
7428,-1
7429,3
7430,12
7431,17
7432,15
7433,7
7434,-1
7435,0
7436,8
7437,16
7438,17
7439,11
7440,2
7441,-2
7442,3
7443,13
7444,18
7445,15
7446,6
7447,-1
7448,1
7449,8
7450,17
7451,17
7452,11
7453,2
7454,-2
7455,4
7456,12
7457,17
7458,15
7459,6
7460,-1
7461,1
7462,8
7463,17
7464,17
7465,11
7466,3
7467,-1
7468,4
7469,12
7470,18
7471,15
7472,6
7473,-1
7474,2
7475,8
7476,16
7477,18
7478,11
7479,2
7480,-1
7481,3
7482,12
7483,18
7484,15
7485,6
7486,0
7487,0
7488,8
7489,16
7490,18
7491,10
7492,2
7493,-1
7494,3
7495,12
7496,18
7497,15
7498,6
7499,0
7500,1
7501,9
7502,16
7503,18
7504,11
7505,2
7506,-1
7507,3
7508,13
7509,18
7510,14
7511,7
7512,-1
7513,0
7514,8
7515,17
7516,17
7517,11
7518,1
7519,-2
7520,4
7521,13
7522,18
7523,15
7524,6
7525,-1
7526,1
7527,8
7528,16
7529,18
7530,10
7531,2
7532,-2
7533,3
7534,12
7535,18
7536,14
7537,6
7538,-1
7539,0
7540,8
7541,16
7542,17
7543,10
7544,2
7545,-2
7546,4
7547,13
7548,18
7549,15
7550,6
7551,-1
7552,1
7553,8
7554,16
7555,17
7556,11
7557,2
7558,-2
7559,4
7560,12
7561,18
7562,15
7563,5
7564,-1
7565,1
7566,8
7567,17
7568,17
7569,10
7570,1
7571,-1
7572,4
7573,12
7574,18
7575,14
7576,5
7577,-1
7578,0
7579,8
7580,16
7581,18
7582,11
7583,3
7584,-1
7585,4
7586,13
7587,18
7588,14
7589,6
7590,0
7591,0
7592,8
7593,16
7594,17
7595,11
7596,2
7597,-2
7598,4
7599,12
7600,18
7601,15
7602,6
7603,-1
7604,1
7605,8
7606,17
7607,18
7608,11
7609,2
7610,-1
7611,4
7612,13
7613,18
7614,14
7615,6
7616,-1
7617,0
7618,9
7619,17
7620,16
7621,10
7622,1
7623,-1
7624,3
7625,13
7626,18
7627,15
7628,7
7629,-1
7630,0
7631,9
7632,17
7633,17
7634,10
7635,2
7636,-1
7637,4
7638,13
7639,17
7640,15
7641,6
7642,0
7643,0
7644,9
7645,17
7646,17
7647,10
7648,2
7649,-1
7650,4
7651,14
7652,17
7653,14
7654,6
7655,-1
7656,0
7657,9
7658,16
7659,17
7660,10
7661,1
7662,-1
7663,5
7664,14
7665,18
7666,14
7667,5
7668,0
7669,0
7670,8
7671,17
7672,16
7673,10
7674,2
7675,-1
7676,4
7677,14
7678,19
7679,14
7680,5
7681,-1
7682,1
7683,9
7684,15
7685,18
7686,10
7687,1
7688,-1
7689,5
7690,13
7691,18
7692,15
7693,5
7694,-1
7695,0
7696,9
7697,17
7698,17
7699,11
7700,2
7701,-2
7702,4
7703,13
7704,17
7705,14
7706,6
7707,0
7708,0
7709,9
7710,16
7711,17
7712,11
7713,2
7714,-1
7715,4
7716,13
7717,18
7718,14
7719,5
7720,-1
7721,1
7722,9
7723,17
7724,17
7725,10
7726,2
7727,-1
7728,5
7729,14
7730,17
7731,14
7732,6
7733,-1
7734,1
7735,9
7736,17
7737,17
7738,10
7739,2
7740,-1
7741,4
7742,13
7743,18
7744,14
7745,5
7746,-1
7747,1
7748,9
7749,17
7750,17
7751,10
7752,2
7753,-1
7754,4
7755,13
7756,18
7757,14
7758,6
7759,-1
7760,1
7761,10
7762,17
7763,17
7764,9
7765,2
7766,-1
7767,5
7768,15
7769,18
7770,15
7771,5
7772,-1
7773,1
7774,9
7775,17
7776,17
7777,11
7778,1
7779,-1
7780,5
7781,14
7782,18
7783,14
7784,5
7785,0
7786,0
7787,9
7788,17
7789,17
7790,9
7791,0
7792,-1
7793,4
7794,14
7795,18
7796,15
7797,5
7798,-1
7799,2
7800,10
7801,16
7802,17
7803,10
7804,1
7805,-1
7806,5
7807,13
7808,18
7809,14
7810,5
7811,-1
7812,2
7813,10
7814,17
7815,18
7816,11
7817,1
7818,-1
7819,4
7820,13
7821,18
7822,14
7823,5
7824,-2
7825,1
7826,10
7827,18
7828,17
7829,9
7830,1
7831,-1
7832,3
7833,14
7834,18
7835,14
7836,5
7837,-1
7838,1
7839,9
7840,17
7841,17
7842,10
7843,1
7844,-1
7845,5
7846,14
7847,17
7848,14
7849,4
7850,-1
7851,1
7852,10
7853,18
7854,17
7855,9
7856,1
7857,0
7858,5
7859,14
7860,18
7861,14
7862,5
7863,-1
7864,1
7865,10
7866,17
7867,16
7868,9
7869,2
7870,-1
7871,6
7872,14
7873,17
7874,14
7875,5
7876,-1
7877,1
7878,9
7879,17
7880,17
7881,9
7882,1
7883,-1
7884,4
7885,13
7886,17
7887,13
7888,5
7889,-1
7890,1
7891,9
7892,16
7893,17
7894,10
7895,1
7896,-1
7897,5
7898,14
7899,19
7900,14
7901,4
7902,0
7903,1
7904,10
7905,17
7906,17
7907,10
7908,2
7909,-1
7910,5
7911,14
7912,18
7913,14
7914,5
7915,0
7916,2
7917,9
7918,16
7919,17
7920,10
7921,2
7922,0
7923,5
7924,14
7925,19
7926,14
7927,6
7928,-1
7929,2
7930,10
7931,18
7932,18
7933,9
7934,2
7935,0
7936,5
7937,14
7938,18
7939,14
7940,5
7941,-1
7942,2
7943,9
7944,16
7945,16
7946,10
7947,1
7948,0
7949,5
7950,14
7951,18
7952,14
7953,5
7954,-1
7955,2
7956,10
7957,17
7958,17
7959,9
7960,1
7961,-1
7962,5
7963,15
7964,18
7965,13
7966,5
7967,-2
7968,2
7969,9
7970,17
7971,17
7972,9
7973,1
7974,0
7975,5
7976,14
7977,17
7978,13
7979,5
7980,-1
7981,2
7982,9
7983,16
7984,17
7985,10
7986,1
7987,-1
7988,6
7989,14
7990,18
7991,13
7992,4
7993,-1
7994,2
7995,10
7996,18
7997,17
7998,8
7999,0
8000,-1
8001,5
8002,15
8003,18
8004,13
8005,5
8006,0
8007,2
8008,10
8009,17
8010,17
8011,9
8012,1
8013,-1
8014,6
8015,14
8016,18
8017,14
8018,4
8019,-1
8020,2
8021,10
8022,18
8023,17
8024,9
8025,0
8026,0
8027,5
8028,14
8029,18
8030,14
8031,5
8032,-1
8033,1
8034,10
8035,17
8036,17
8037,9
8038,1
8039,-1
8040,5
8041,14
8042,19
8043,13
8044,4
8045,-1
8046,1
8047,11
8048,18
8049,17
8050,9
8051,2
8052,-1
8053,6
8054,15
8055,18
8056,13
8057,5
8058,-2
8059,2
8060,10
8061,18
8062,17
8063,9
8064,0
8065,0
8066,7
8067,16
8068,18
8069,13
8070,4
8071,-1
8072,2
8073,10
8074,17
8075,16
8076,9
8077,1
8078,-1
8079,6
8080,14
8081,19
8082,13
8083,4
8084,-1
8085,1
8086,11
8087,17
8088,17
8089,7
8090,0
8091,0
8092,5
8093,14
8094,18
8095,14
8096,4
8097,-1
8098,1
8099,11
8100,18
8101,17
8102,9
8103,0
8104,-2
8105,6
8106,15
8107,18
8108,14
8109,4
8110,-1
8111,1
8112,11
8113,17
8114,16
8115,8
8116,1
8117,-1
8118,5
8119,15
8120,19
8121,14
8122,4
8123,-1
8124,2
8125,10
8126,18
8127,16
8128,8
8129,1
8130,0
8131,5
8132,15
8133,18
8134,13
8135,4
8136,-1
8137,1
8138,11
8139,17
8140,16
8141,9
8142,0
8143,0
8144,6
8145,15
8146,18
8147,13
8148,5
8149,0
8150,2
8151,10
8152,18
8153,17
8154,8
8155,0
8156,0
8157,6
8158,15
8159,18
8160,14
8161,4
8162,-1
8163,2
8164,11
8165,17
8166,15
8167,9
8168,1
8169,-1
8170,7
8171,15
8172,19
8173,13
8174,3
8175,-2
8176,2
8177,10
8178,17
8179,17
8180,8
8181,1
8182,-1
8183,6
8184,15
8185,18
8186,13
8187,4
8188,-1
8189,2
8190,10
8191,16
