<?xml version="1.0"?>
<Runs Version="1" Minor="0">
	<Run Id="sys_pll_synth_1" LaunchDir="D:/demo_AX7103/hdmi_loop/hdmi_loop.runs/sys_pll_synth_1" FlowId="Vivado_Synthesis" FromStepId="vivado" ToStepId="vivado"/>
	<Run Id="synth_1" LaunchDir="D:/demo_AX7103/hdmi_loop/hdmi_loop.runs/synth_1" FlowId="Vivado_Synthesis" FromStepId="vivado" ToStepId="vivado">
		<Parent Id="sys_pll_synth_1"/>
	</Run>
	<Run Id="impl_1" LaunchDir="D:/demo_AX7103/hdmi_loop/hdmi_loop.runs/impl_1" FlowId="Vivado_Implementation" FromStepId="init_design" ToStepId="route_design">
		<Parent Id="synth_1"/>
		<Parent Id="sys_pll_synth_1"/>
	</Run>
</Runs>

