<?xml version="1.0"?>
<Runs Version="1" Minor="0">
	<Run Id="afifo_16i_64o_512_synth_1" LaunchDir="/home/extern_disk/meisq/ax7201/ddr3_an5642_vga_sobel/ddr3_an5642_vga_sobel/ddr3_an5642_vga_sobel.runs/afifo_16i_64o_512_synth_1" FlowId="Vivado_Synthesis" FromStepId="vivado" ToStepId="vivado"/>
	<Run Id="afifo_64i_16o_128_synth_1" LaunchDir="/home/extern_disk/meisq/ax7201/ddr3_an5642_vga_sobel/ddr3_an5642_vga_sobel/ddr3_an5642_vga_sobel.runs/afifo_64i_16o_128_synth_1" FlowId="Vivado_Synthesis" FromStepId="vivado" ToStepId="vivado"/>
	<Run Id="video_pll_synth_1" LaunchDir="/home/extern_disk/meisq/ax7201/ddr3_an5642_vga_sobel/ddr3_an5642_vga_sobel/ddr3_an5642_vga_sobel.runs/video_pll_synth_1" FlowId="Vivado_Synthesis" FromStepId="vivado" ToStepId="vivado"/>
	<Run Id="synth_1" LaunchDir="/home/extern_disk/meisq/ax7201/ddr3_an5642_vga_sobel/ddr3_an5642_vga_sobel/ddr3_an5642_vga_sobel.runs/synth_1" FlowId="Vivado_Synthesis" FromStepId="vivado" ToStepId="vivado">
		<Parent Id="afifo_16i_64o_512_synth_1"/>
		<Parent Id="afifo_64i_16o_128_synth_1"/>
		<Parent Id="video_pll_synth_1"/>
	</Run>
	<Parameters>
		<Parameter Name="runs.monitorLSFJobs" Val="true" Type="bool"/>
	</Parameters>
</Runs>

