<?xml version="1.0" encoding="UTF-8"?>
<!-- Product Version: Vivado v2019.1 (64-bit)                     -->
<!--                                                              -->
<!-- Copyright 1986-2019 Xilinx, Inc. All Rights Reserved.        -->

<hwsession version="1" minor="1">
  <device name="xc7a100t_0" gui_info=""/>
  <ObjectList object_type="hw_device" gui_info="">
    <Object name="xc7a100t_0" gui_info="">
      <Properties Property="FULL_PROBES.FILE" value=""/>
      <Properties Property="PROBES.FILE" value=""/>
      <Properties Property="PROGRAM.HW_BITSTREAM" value="$_project_name_.runs/impl_1/top.bit"/>
      <Properties Property="SLR.COUNT" value="1"/>
    </Object>
  </ObjectList>
  <ObjectList object_type="hw_ila" gui_info="">
    <Object name="u_ila_0" gui_info="">
      <Properties Property="CONTROL.TRIGGER_CONDITION" value="AND"/>
      <Properties Property="CONTROL.TRIGGER_POSITION" value="512"/>
      <Properties Property="CORE_REFRESH_RATE_MS" value="500"/>
    </Object>
    <Object name="u_ila_0_0" gui_info="">
      <Properties Property="CONTROL.TRIGGER_CONDITION" value="AND"/>
      <Properties Property="CONTROL.TRIGGER_POSITION" value="512"/>
      <Properties Property="CORE_REFRESH_RATE_MS" value="500"/>
    </Object>
  </ObjectList>
  <ObjectList object_type="hw_probe" gui_info="">
    <Object name="video_rect_read_data_m0/de" gui_info="Trigger Setup=0"/>
  </ObjectList>
  <probeset name="hw project" active="false">
    <probe type="ila" busType="net" source="netlist" spec="ILA_V2_RT">
      <probeOptions Id="DebugProbeParams">
        <Option Id="CAPTURE_COMPARE_VALUE" value="eq1&apos;hX"/>
        <Option Id="COMPARE_VALUE.0" value="eq1&apos;bR"/>
        <Option Id="DISPLAY_HINT" value=""/>
        <Option Id="DISPLAY_VISIBILITY" value=""/>
        <Option Id="HW_ILA" value="hw_ila_1"/>
        <Option Id="NAME.CUSTOM" value=""/>
        <Option Id="NAME.SELECT" value="Long"/>
        <Option Id="SOURCE" value="netlist"/>
        <Option Id="TRIGGER_COMPARE_VALUE" value="eq1&apos;bR"/>
      </probeOptions>
      <nets>
        <net name="video_rect_read_data_m0/de"/>
      </nets>
    </probe>
    <probe type="ila" busType="net" source="netlist" spec="ILA_V2_RT">
      <probeOptions Id="DebugProbeParams">
        <Option Id="CAPTURE_COMPARE_VALUE" value="eq1&apos;hX"/>
        <Option Id="COMPARE_VALUE.0" value="eq1&apos;hX"/>
        <Option Id="DISPLAY_HINT" value=""/>
        <Option Id="DISPLAY_VISIBILITY" value=""/>
        <Option Id="HW_ILA" value="hw_ila_1"/>
        <Option Id="NAME.CUSTOM" value=""/>
        <Option Id="NAME.SELECT" value="Long"/>
        <Option Id="SOURCE" value="netlist"/>
        <Option Id="TRIGGER_COMPARE_VALUE" value="eq1&apos;hX"/>
      </probeOptions>
      <nets>
        <net name="video_rect_read_data_m0/pos_de"/>
      </nets>
    </probe>
    <probe type="ila" busType="net" source="netlist" spec="ILA_V2_RT">
      <probeOptions Id="DebugProbeParams">
        <Option Id="CAPTURE_COMPARE_VALUE" value="eq12&apos;hXXX"/>
        <Option Id="COMPARE_VALUE.0" value="eq12&apos;hXXX"/>
        <Option Id="DISPLAY_HINT" value=""/>
        <Option Id="DISPLAY_VISIBILITY" value=""/>
        <Option Id="HW_ILA" value="hw_ila_1"/>
        <Option Id="NAME.CUSTOM" value=""/>
        <Option Id="NAME.SELECT" value="Long"/>
        <Option Id="SOURCE" value="netlist"/>
        <Option Id="TRIGGER_COMPARE_VALUE" value="eq12&apos;hXXX"/>
      </probeOptions>
      <nets>
        <net name="video_rect_read_data_m0/pos_x[11]"/>
        <net name="video_rect_read_data_m0/pos_x[10]"/>
        <net name="video_rect_read_data_m0/pos_x[9]"/>
        <net name="video_rect_read_data_m0/pos_x[8]"/>
        <net name="video_rect_read_data_m0/pos_x[7]"/>
        <net name="video_rect_read_data_m0/pos_x[6]"/>
        <net name="video_rect_read_data_m0/pos_x[5]"/>
        <net name="video_rect_read_data_m0/pos_x[4]"/>
        <net name="video_rect_read_data_m0/pos_x[3]"/>
        <net name="video_rect_read_data_m0/pos_x[2]"/>
        <net name="video_rect_read_data_m0/pos_x[1]"/>
        <net name="video_rect_read_data_m0/pos_x[0]"/>
      </nets>
    </probe>
    <probe type="ila" busType="net" source="netlist" spec="ILA_V2_RT">
      <probeOptions Id="DebugProbeParams">
        <Option Id="CAPTURE_COMPARE_VALUE" value="eq12&apos;hXXX"/>
        <Option Id="COMPARE_VALUE.0" value="eq12&apos;hXXX"/>
        <Option Id="DISPLAY_HINT" value=""/>
        <Option Id="DISPLAY_VISIBILITY" value=""/>
        <Option Id="HW_ILA" value="hw_ila_1"/>
        <Option Id="NAME.CUSTOM" value=""/>
        <Option Id="NAME.SELECT" value="Long"/>
        <Option Id="SOURCE" value="netlist"/>
        <Option Id="TRIGGER_COMPARE_VALUE" value="eq12&apos;hXXX"/>
      </probeOptions>
      <nets>
        <net name="video_rect_read_data_m0/pos_y[11]"/>
        <net name="video_rect_read_data_m0/pos_y[10]"/>
        <net name="video_rect_read_data_m0/pos_y[9]"/>
        <net name="video_rect_read_data_m0/pos_y[8]"/>
        <net name="video_rect_read_data_m0/pos_y[7]"/>
        <net name="video_rect_read_data_m0/pos_y[6]"/>
        <net name="video_rect_read_data_m0/pos_y[5]"/>
        <net name="video_rect_read_data_m0/pos_y[4]"/>
        <net name="video_rect_read_data_m0/pos_y[3]"/>
        <net name="video_rect_read_data_m0/pos_y[2]"/>
        <net name="video_rect_read_data_m0/pos_y[1]"/>
        <net name="video_rect_read_data_m0/pos_y[0]"/>
      </nets>
    </probe>
    <probe type="ila" busType="net" source="netlist" spec="ILA_V2_RT">
      <probeOptions Id="DebugProbeParams">
        <Option Id="CAPTURE_COMPARE_VALUE" value="eq1&apos;hX"/>
        <Option Id="COMPARE_VALUE.0" value="eq1&apos;hX"/>
        <Option Id="DISPLAY_HINT" value=""/>
        <Option Id="DISPLAY_VISIBILITY" value=""/>
        <Option Id="HW_ILA" value="hw_ila_1"/>
        <Option Id="NAME.CUSTOM" value=""/>
        <Option Id="NAME.SELECT" value="Long"/>
        <Option Id="SOURCE" value="netlist"/>
        <Option Id="TRIGGER_COMPARE_VALUE" value="eq1&apos;hX"/>
      </probeOptions>
      <nets>
        <net name="video_rect_read_data_m0/read_en"/>
      </nets>
    </probe>
    <probe type="ila" busType="net" source="netlist" spec="ILA_V2_RT">
      <probeOptions Id="DebugProbeParams">
        <Option Id="CAPTURE_COMPARE_VALUE" value="eq16&apos;hXXXX"/>
        <Option Id="COMPARE_VALUE.0" value="eq16&apos;hXXXX"/>
        <Option Id="DISPLAY_HINT" value=""/>
        <Option Id="DISPLAY_VISIBILITY" value=""/>
        <Option Id="HW_ILA" value="hw_ila_1"/>
        <Option Id="NAME.CUSTOM" value=""/>
        <Option Id="NAME.SELECT" value="Long"/>
        <Option Id="SOURCE" value="netlist"/>
        <Option Id="TRIGGER_COMPARE_VALUE" value="eq16&apos;hXXXX"/>
      </probeOptions>
      <nets>
        <net name="video_rect_read_data_m0/timing_data[15]"/>
        <net name="video_rect_read_data_m0/timing_data[14]"/>
        <net name="video_rect_read_data_m0/timing_data[13]"/>
        <net name="video_rect_read_data_m0/timing_data[12]"/>
        <net name="video_rect_read_data_m0/timing_data[11]"/>
        <net name="video_rect_read_data_m0/timing_data[10]"/>
        <net name="video_rect_read_data_m0/timing_data[9]"/>
        <net name="video_rect_read_data_m0/timing_data[8]"/>
        <net name="video_rect_read_data_m0/timing_data[7]"/>
        <net name="video_rect_read_data_m0/timing_data[6]"/>
        <net name="video_rect_read_data_m0/timing_data[5]"/>
        <net name="video_rect_read_data_m0/timing_data[4]"/>
        <net name="video_rect_read_data_m0/timing_data[3]"/>
        <net name="video_rect_read_data_m0/timing_data[2]"/>
        <net name="video_rect_read_data_m0/timing_data[1]"/>
        <net name="video_rect_read_data_m0/timing_data[0]"/>
      </nets>
    </probe>
    <probe type="ila" busType="net" source="netlist" spec="ILA_V2_RT">
      <probeOptions Id="DebugProbeParams">
        <Option Id="CAPTURE_COMPARE_VALUE" value="eq1&apos;hX"/>
        <Option Id="COMPARE_VALUE.0" value="eq1&apos;hX"/>
        <Option Id="DISPLAY_HINT" value=""/>
        <Option Id="DISPLAY_VISIBILITY" value=""/>
        <Option Id="HW_ILA" value="hw_ila_1"/>
        <Option Id="NAME.CUSTOM" value=""/>
        <Option Id="NAME.SELECT" value="Long"/>
        <Option Id="SOURCE" value="netlist"/>
        <Option Id="TRIGGER_COMPARE_VALUE" value="eq1&apos;hX"/>
      </probeOptions>
      <nets>
        <net name="video_rect_read_data_m0/timing_de"/>
      </nets>
    </probe>
  </probeset>
</hwsession>
