<?xml version="1.0"?>
<Runs Version="1" Minor="0">
	<Run Id="video_pll_synth_1" LaunchDir="I:/ax7103_2019.1/demo/12_3_lcd_char_an070/lcd_char_an070/lcd_char_an070.runs/video_pll_synth_1" FlowId="Vivado_Synthesis" FromStepId="vivado" ToStepId="vivado"/>
	<Run Id="osd_rom_synth_1" LaunchDir="I:/ax7103_2019.1/demo/12_3_lcd_char_an070/lcd_char_an070/lcd_char_an070.runs/osd_rom_synth_1" FlowId="Vivado_Synthesis" FromStepId="vivado" ToStepId="vivado"/>
	<Run Id="synth_1" LaunchDir="I:/ax7103_2019.1/demo/12_3_lcd_char_an070/lcd_char_an070/lcd_char_an070.runs/synth_1" FlowId="Vivado_Synthesis" FromStepId="vivado" ToStepId="vivado">
		<Parent Id="video_pll_synth_1"/>
		<Parent Id="osd_rom_synth_1"/>
	</Run>
	<Parameters>
		<Parameter Name="runs.monitorLSFJobs" Val="true" Type="bool"/>
	</Parameters>
</Runs>

