<?xml version="1.0"?>
<Runs Version="1" Minor="0">
	<Run Id="afifo_64_256_synth_1" LaunchDir="D:/demo_ax7102/demo/10_audio_record_play/audio_record_play/audio_record_play.runs/afifo_64_256_synth_1" FlowId="Vivado_Synthesis" FromStepId="vivado" ToStepId="vivado"/>
	<Run Id="ddr3_synth_1" LaunchDir="D:/demo_ax7102/demo/10_audio_record_play/audio_record_play/audio_record_play.runs/ddr3_synth_1" FlowId="Vivado_Synthesis" FromStepId="vivado" ToStepId="vivado"/>
	<Run Id="sys_pll_synth_1" LaunchDir="D:/demo_ax7102/demo/10_audio_record_play/audio_record_play/audio_record_play.runs/sys_pll_synth_1" FlowId="Vivado_Synthesis" FromStepId="vivado" ToStepId="vivado"/>
	<Run Id="synth_1" LaunchDir="D:/demo_ax7102/demo/10_audio_record_play/audio_record_play/audio_record_play.runs/synth_1" FlowId="Vivado_Synthesis" FromStepId="vivado" ToStepId="vivado">
		<Parent Id="afifo_64_256_synth_1"/>
		<Parent Id="ddr3_synth_1"/>
		<Parent Id="sys_pll_synth_1"/>
	</Run>
</Runs>

