<?xml version="1.0"?>
<Runs Version="1" Minor="0">
	<Run Id="ddr3_synth_1" LaunchDir="/home/extern_disk/meisq/ax7203/audio_record_play/audio_record_play.runs/ddr3_synth_1" FlowId="Vivado_Synthesis" FromStepId="vivado" ToStepId="vivado"/>
	<Run Id="afifo_64_256_synth_1" LaunchDir="/home/extern_disk/meisq/ax7203/audio_record_play/audio_record_play.runs/afifo_64_256_synth_1" FlowId="Vivado_Synthesis" FromStepId="vivado" ToStepId="vivado"/>
	<Run Id="synth_1" LaunchDir="/home/extern_disk/meisq/ax7203/audio_record_play/audio_record_play.runs/synth_1" FlowId="Vivado_Synthesis" FromStepId="vivado" ToStepId="vivado">
		<Parent Id="ddr3_synth_1"/>
		<Parent Id="afifo_64_256_synth_1"/>
	</Run>
	<Run Id="impl_1" LaunchDir="/home/extern_disk/meisq/ax7203/audio_record_play/audio_record_play.runs/impl_1" FlowId="Vivado_Implementation" FromStepId="init_design" ToStepId="write_bitstream">
		<Parent Id="synth_1"/>
		<Parent Id="ddr3_synth_1"/>
		<Parent Id="afifo_64_256_synth_1"/>
	</Run>
	<Parameters>
		<Parameter Name="runs.monitorLSFJobs" Val="true" Type="bool"/>
	</Parameters>
</Runs>

