<?xml version="1.0" encoding="UTF-8"?>
<GenRun Id="synth_1" LaunchPart="xc7a200tfbg484-2" LaunchTime="1677215039">
  <File Type="VDS-TIMINGSUMMARY" Name="ibert_7series_gtp_0_timing_summary_synth.rpt"/>
  <File Type="RDS-DCP" Name="ibert_7series_gtp_0.dcp"/>
  <File Type="RDS-UTIL-PB" Name="ibert_7series_gtp_0_utilization_synth.pb"/>
  <File Type="RDS-UTIL" Name="ibert_7series_gtp_0_utilization_synth.rpt"/>
  <File Type="RDS-PROPCONSTRS" Name="ibert_7series_gtp_0_drc_synth.rpt"/>
  <File Type="RDS-RDS" Name="ibert_7series_gtp_0.vds"/>
  <File Type="REPORTS-TCL" Name="ibert_7series_gtp_0_reports.tcl"/>
  <File Type="VDS-TIMING-PB" Name="ibert_7series_gtp_0_timing_summary_synth.pb"/>
  <File Type="PA-TCL" Name="ibert_7series_gtp_0.tcl"/>
  <FileSet Name="sources" Type="DesignSrcs" RelSrcDir="$PSRCDIR/sources_1">
    <Filter Type="Srcs"/>
    <File Path="$PSRCDIR/sources_1/ip/ibert_7series_gtp_0/ibert_7series_gtp_0.xci">
      <FileInfo>
        <Attr Name="UsedIn" Val="synthesis"/>
        <Attr Name="UsedIn" Val="implementation"/>
        <Attr Name="UsedIn" Val="simulation"/>
      </FileInfo>
    </File>
    <Config>
      <Option Name="DesignMode" Val="RTL"/>
      <Option Name="TopModule" Val="ibert_7series_gtp_0"/>
      <Option Name="TopAutoSet" Val="TRUE"/>
    </Config>
  </FileSet>
  <FileSet Name="constrs_in" Type="Constrs" RelSrcDir="$PSRCDIR/constrs_1">
    <Filter Type="Constrs"/>
    <Config>
      <Option Name="ConstrsType" Val="XDC"/>
    </Config>
  </FileSet>
  <FileSet Name="utils" Type="Utils" RelSrcDir="$PSRCDIR/utils_1">
    <Filter Type="Utils"/>
    <Config>
      <Option Name="TopAutoSet" Val="TRUE"/>
    </Config>
  </FileSet>
  <Strategy Version="1" Minor="2">
    <StratHandle Name="Vivado Synthesis Defaults" Flow="Vivado Synthesis 2015"/>
    <Step Id="synth_design"/>
  </Strategy>
</GenRun>
