<?xml version="1.0"?>
<Runs Version="1" Minor="0">
	<Run Id="sys_pll_synth_1" LaunchDir="D:/demo_ax7102/demo/13_2_sd_picture_lcd_an430/sd_picture_lcd_an430/sd_picture_lcd.runs/sys_pll_synth_1" FlowId="Vivado_Synthesis" FromStepId="vivado" ToStepId="vivado"/>
	<Run Id="ddr3_synth_1" LaunchDir="D:/demo_ax7102/demo/13_2_sd_picture_lcd_an430/sd_picture_lcd_an430/sd_picture_lcd.runs/ddr3_synth_1" FlowId="Vivado_Synthesis" FromStepId="vivado" ToStepId="vivado"/>
	<Run Id="afifo_32i_64o_256_synth_1" LaunchDir="D:/demo_ax7102/demo/13_2_sd_picture_lcd_an430/sd_picture_lcd_an430/sd_picture_lcd.runs/afifo_32i_64o_256_synth_1" FlowId="Vivado_Synthesis" FromStepId="vivado" ToStepId="vivado"/>
	<Run Id="afifo_64i_32o_128_synth_1" LaunchDir="D:/demo_ax7102/demo/13_2_sd_picture_lcd_an430/sd_picture_lcd_an430/sd_picture_lcd.runs/afifo_64i_32o_128_synth_1" FlowId="Vivado_Synthesis" FromStepId="vivado" ToStepId="vivado"/>
	<Run Id="video_pll_synth_1" LaunchDir="D:/demo_ax7102/demo/13_2_sd_picture_lcd_an430/sd_picture_lcd_an430/sd_picture_lcd.runs/video_pll_synth_1" FlowId="Vivado_Synthesis" FromStepId="vivado" ToStepId="vivado"/>
	<Run Id="synth_1" LaunchDir="D:/demo_ax7102/demo/13_2_sd_picture_lcd_an430/sd_picture_lcd_an430/sd_picture_lcd.runs/synth_1" FlowId="Vivado_Synthesis" FromStepId="vivado" ToStepId="vivado">
		<Parent Id="sys_pll_synth_1"/>
		<Parent Id="ddr3_synth_1"/>
		<Parent Id="afifo_32i_64o_256_synth_1"/>
		<Parent Id="afifo_64i_32o_128_synth_1"/>
		<Parent Id="video_pll_synth_1"/>
	</Run>
</Runs>

