<?xml version="1.0" encoding="UTF-8"?>
<GenRun Id="synth_1" LaunchPart="xc7a200tfbg484-2" LaunchTime="1677130317">
  <File Type="VDS-TIMINGSUMMARY" Name="hdmi_loop_timing_summary_synth.rpt"/>
  <File Type="RDS-DCP" Name="hdmi_loop.dcp"/>
  <File Type="RDS-UTIL-PB" Name="hdmi_loop_utilization_synth.pb"/>
  <File Type="RDS-UTIL" Name="hdmi_loop_utilization_synth.rpt"/>
  <File Type="RDS-PROPCONSTRS" Name="hdmi_loop_drc_synth.rpt"/>
  <File Type="RDS-RDS" Name="hdmi_loop.vds"/>
  <File Type="REPORTS-TCL" Name="hdmi_loop_reports.tcl"/>
  <File Type="VDS-TIMING-PB" Name="hdmi_loop_timing_summary_synth.pb"/>
  <File Type="PA-TCL" Name="hdmi_loop.tcl"/>
  <FileSet Name="sources" Type="DesignSrcs" RelSrcDir="$PSRCDIR/sources_1">
    <Filter Type="Srcs"/>
    <File Path="$PSRCDIR/sources_1/imports/src/i2c_master/i2c_config.v">
      <FileInfo>
        <Attr Name="ImportPath" Val="$PPRDIR/../hdmi_out_test/src/i2c_master/i2c_config.v"/>
        <Attr Name="ImportTime" Val="1490691626"/>
        <Attr Name="UsedIn" Val="synthesis"/>
        <Attr Name="UsedIn" Val="implementation"/>
        <Attr Name="UsedIn" Val="simulation"/>
      </FileInfo>
    </File>
    <File Path="$PSRCDIR/sources_1/imports/src/i2c_master/i2c_master_defines.v">
      <FileInfo>
        <Attr Name="ImportPath" Val="$PPRDIR/../hdmi_out_test/src/i2c_master/i2c_master_defines.v"/>
        <Attr Name="ImportTime" Val="1004961566"/>
        <Attr Name="UsedIn" Val="synthesis"/>
        <Attr Name="UsedIn" Val="implementation"/>
        <Attr Name="UsedIn" Val="simulation"/>
      </FileInfo>
    </File>
    <File Path="$PSRCDIR/sources_1/imports/src/i2c_master/timescale.v">
      <FileInfo>
        <Attr Name="ImportPath" Val="$PPRDIR/../hdmi_out_test/src/i2c_master/timescale.v"/>
        <Attr Name="ImportTime" Val="1001334112"/>
        <Attr Name="UsedIn" Val="synthesis"/>
        <Attr Name="UsedIn" Val="implementation"/>
        <Attr Name="UsedIn" Val="simulation"/>
      </FileInfo>
    </File>
    <File Path="$PSRCDIR/sources_1/imports/src/i2c_master/i2c_master_bit_ctrl.v">
      <FileInfo>
        <Attr Name="ImportPath" Val="$PPRDIR/../hdmi_out_test/src/i2c_master/i2c_master_bit_ctrl.v"/>
        <Attr Name="ImportTime" Val="1263314208"/>
        <Attr Name="UsedIn" Val="synthesis"/>
        <Attr Name="UsedIn" Val="implementation"/>
        <Attr Name="UsedIn" Val="simulation"/>
      </FileInfo>
    </File>
    <File Path="$PSRCDIR/sources_1/imports/src/i2c_master/i2c_master_byte_ctrl.v">
      <FileInfo>
        <Attr Name="ImportPath" Val="$PPRDIR/../hdmi_out_test/src/i2c_master/i2c_master_byte_ctrl.v"/>
        <Attr Name="ImportTime" Val="1232396966"/>
        <Attr Name="UsedIn" Val="synthesis"/>
        <Attr Name="UsedIn" Val="implementation"/>
        <Attr Name="UsedIn" Val="simulation"/>
      </FileInfo>
    </File>
    <File Path="$PSRCDIR/sources_1/imports/src/i2c_master/i2c_master_top.v">
      <FileInfo>
        <Attr Name="ImportPath" Val="$PPRDIR/../hdmi_out_test/src/i2c_master/i2c_master_top.v"/>
        <Attr Name="ImportTime" Val="1472299252"/>
        <Attr Name="UsedIn" Val="synthesis"/>
        <Attr Name="UsedIn" Val="implementation"/>
        <Attr Name="UsedIn" Val="simulation"/>
      </FileInfo>
    </File>
    <File Path="$PSRCDIR/sources_1/lut_hdmi.v">
      <FileInfo>
        <Attr Name="UsedIn" Val="synthesis"/>
        <Attr Name="UsedIn" Val="implementation"/>
        <Attr Name="UsedIn" Val="simulation"/>
      </FileInfo>
    </File>
    <File Path="$PSRCDIR/sources_1/imports/src/hdmi_loop.v">
      <FileInfo>
        <Attr Name="ImportPath" Val="$PSRCDIR/sources_1/imports/src/hdmi_loop.v"/>
        <Attr Name="ImportTime" Val="1493202219"/>
        <Attr Name="UsedIn" Val="synthesis"/>
        <Attr Name="UsedIn" Val="implementation"/>
        <Attr Name="UsedIn" Val="simulation"/>
      </FileInfo>
    </File>
    <Config>
      <Option Name="DesignMode" Val="RTL"/>
      <Option Name="TopModule" Val="hdmi_loop"/>
      <Option Name="TopAutoSet" Val="TRUE"/>
    </Config>
  </FileSet>
  <FileSet Name="constrs_in" Type="Constrs" RelSrcDir="$PSRCDIR/constrs_1">
    <Filter Type="Constrs"/>
    <File Path="$PSRCDIR/constrs_1/new/hdmi_loop.xdc">
      <FileInfo>
        <Attr Name="ImportPath" Val="$PSRCDIR/constrs_1/new/hdmi_loop.xdc"/>
        <Attr Name="ImportTime" Val="1493197379"/>
        <Attr Name="UsedIn" Val="synthesis"/>
        <Attr Name="UsedIn" Val="implementation"/>
      </FileInfo>
    </File>
    <Config>
      <Option Name="TargetConstrsFile" Val="$PSRCDIR/constrs_1/new/hdmi_loop.xdc"/>
      <Option Name="ConstrsType" Val="XDC"/>
    </Config>
  </FileSet>
  <FileSet Name="utils" Type="Utils" RelSrcDir="$PSRCDIR/utils_1">
    <Filter Type="Utils"/>
    <Config>
      <Option Name="TopAutoSet" Val="TRUE"/>
    </Config>
  </FileSet>
  <Strategy Version="1" Minor="2">
    <StratHandle Name="Vivado Synthesis Defaults" Flow="Vivado Synthesis 2015"/>
    <Step Id="synth_design"/>
  </Strategy>
</GenRun>
