<?xml version="1.0" encoding="UTF-8"?>
<GenRun Id="impl_1" LaunchPart="xc7a200tfbg484-2" LaunchTime="1677130317">
  <File Type="WBT-USG" Name="usage_statistics_webtalk.html"/>
  <File Type="RDI-RDI" Name="hdmi_loop.vdi"/>
  <File Type="BG-DRC" Name="hdmi_loop.drc"/>
  <File Type="BG-BGN" Name="hdmi_loop.bgn"/>
  <File Type="BITSTR-SYSDEF" Name="hdmi_loop.sysdef"/>
  <File Type="BITSTR-LTX" Name="debug_nets.ltx"/>
  <File Type="BITSTR-LTX" Name="hdmi_loop.ltx"/>
  <File Type="BITSTR-MMI" Name="hdmi_loop.mmi"/>
  <File Type="BITSTR-BMM" Name="hdmi_loop_bd.bmm"/>
  <File Type="BITSTR-NKY" Name="hdmi_loop.nky"/>
  <File Type="BITSTR-RBT" Name="hdmi_loop.rbt"/>
  <File Type="BITSTR-MSK" Name="hdmi_loop.msk"/>
  <File Type="BG-BIN" Name="hdmi_loop.bin"/>
  <File Type="BG-BIT" Name="hdmi_loop.bit"/>
  <File Type="POSTROUTE-PHYSOPT-BUS-SKEW-RPX" Name="hdmi_loop_bus_skew_postroute_physopted.rpx"/>
  <File Type="POSTROUTE-PHYSOPT-BUS-SKEW-PB" Name="hdmi_loop_bus_skew_postroute_physopted.pb"/>
  <File Type="POSTROUTE-PHYSOPT-BUS-SKEW" Name="hdmi_loop_bus_skew_postroute_physopted.rpt"/>
  <File Type="POSTROUTE-PHYSOPT-TIMING-RPX" Name="hdmi_loop_timing_summary_postroute_physopted.rpx"/>
  <File Type="POSTROUTE-PHYSOPT-TIMING-PB" Name="hdmi_loop_timing_summary_postroute_physopted.pb"/>
  <File Type="POSTROUTE-PHYSOPT-TIMING" Name="hdmi_loop_timing_summary_postroute_physopted.rpt"/>
  <File Type="POSTROUTE-PHYSOPT-BLACKBOX-DCP" Name="hdmi_loop_postroute_physopt_bb.dcp"/>
  <File Type="POSTROUTE-PHYSOPT-DCP" Name="hdmi_loop_postroute_physopt.dcp"/>
  <File Type="ROUTE-BUS-SKEW-RPX" Name="hdmi_loop_bus_skew_routed.rpx"/>
  <File Type="ROUTE-BUS-SKEW-PB" Name="hdmi_loop_bus_skew_routed.pb"/>
  <File Type="ROUTE-BUS-SKEW" Name="hdmi_loop_bus_skew_routed.rpt"/>
  <File Type="ROUTE-CLK" Name="hdmi_loop_clock_utilization_routed.rpt"/>
  <File Type="ROUTE-SIMILARITY" Name="hdmi_loop_incremental_reuse_routed.rpt"/>
  <File Type="ROUTE-TIMING-RPX" Name="hdmi_loop_timing_summary_routed.rpx"/>
  <File Type="ROUTE-TIMING-PB" Name="hdmi_loop_timing_summary_routed.pb"/>
  <File Type="ROUTE-TIMINGSUMMARY" Name="hdmi_loop_timing_summary_routed.rpt"/>
  <File Type="ROUTE-STATUS-PB" Name="hdmi_loop_route_status.pb"/>
  <File Type="ROUTE-STATUS" Name="hdmi_loop_route_status.rpt"/>
  <File Type="ROUTE-PWR-RPX" Name="hdmi_loop_power_routed.rpx"/>
  <File Type="ROUTE-PWR-SUM" Name="hdmi_loop_power_summary_routed.pb"/>
  <File Type="ROUTE-PWR" Name="hdmi_loop_power_routed.rpt"/>
  <File Type="ROUTE-METHODOLOGY-DRC-PB" Name="hdmi_loop_methodology_drc_routed.pb"/>
  <File Type="ROUTE-METHODOLOGY-DRC-RPX" Name="hdmi_loop_methodology_drc_routed.rpx"/>
  <File Type="ROUTE-METHODOLOGY-DRC" Name="hdmi_loop_methodology_drc_routed.rpt"/>
  <File Type="ROUTE-DRC-RPX" Name="hdmi_loop_drc_routed.rpx"/>
  <File Type="ROUTE-DRC-PB" Name="hdmi_loop_drc_routed.pb"/>
  <File Type="ROUTE-DRC" Name="hdmi_loop_drc_routed.rpt"/>
  <File Type="ROUTE-BLACKBOX-DCP" Name="hdmi_loop_routed_bb.dcp"/>
  <File Type="ROUTE-DCP" Name="hdmi_loop_routed.dcp"/>
  <File Type="ROUTE-ERROR-DCP" Name="hdmi_loop_routed_error.dcp"/>
  <File Type="PHYSOPT-TIMING" Name="hdmi_loop_timing_summary_physopted.rpt"/>
  <File Type="PHYSOPT-DRC" Name="hdmi_loop_drc_physopted.rpt"/>
  <File Type="PHYSOPT-DCP" Name="hdmi_loop_physopt.dcp"/>
  <File Type="POSTPLACE-PWROPT-TIMING" Name="hdmi_loop_timing_summary_postplace_pwropted.rpt"/>
  <File Type="POSTPLACE-PWROPT-DCP" Name="hdmi_loop_postplace_pwropt.dcp"/>
  <File Type="PLACE-TIMING" Name="hdmi_loop_timing_summary_placed.rpt"/>
  <File Type="PLACE-PRE-SIMILARITY" Name="hdmi_loop_incremental_reuse_pre_placed.rpt"/>
  <File Type="PLACE-SIMILARITY" Name="hdmi_loop_incremental_reuse_placed.rpt"/>
  <File Type="PLACE-CTRL" Name="hdmi_loop_control_sets_placed.rpt"/>
  <File Type="PLACE-UTIL-PB" Name="hdmi_loop_utilization_placed.pb"/>
  <File Type="PLACE-UTIL" Name="hdmi_loop_utilization_placed.rpt"/>
  <File Type="PLACE-CLK" Name="hdmi_loop_clock_utilization_placed.rpt"/>
  <File Type="PLACE-IO" Name="hdmi_loop_io_placed.rpt"/>
  <File Type="PLACE-DCP" Name="hdmi_loop_placed.dcp"/>
  <File Type="PWROPT-DRC" Name="hdmi_loop_drc_pwropted.rpt"/>
  <File Type="PWROPT-DCP" Name="hdmi_loop_pwropt.dcp"/>
  <File Type="OPT-HWDEF" Name="hdmi_loop.hwdef"/>
  <File Type="OPT-METHODOLOGY-DRC" Name="hdmi_loop_methodology_drc_opted.rpt"/>
  <File Type="OPT-DRC" Name="hdmi_loop_drc_opted.rpt"/>
  <File Type="OPT-DCP" Name="hdmi_loop_opt.dcp"/>
  <File Type="INIT-TIMING" Name="hdmi_loop_timing_summary_init.rpt"/>
  <File Type="PWROPT-TIMING" Name="hdmi_loop_timing_summary_pwropted.rpt"/>
  <File Type="REPORTS-TCL" Name="hdmi_loop_reports.tcl"/>
  <File Type="OPT-TIMING" Name="hdmi_loop_timing_summary_opted.rpt"/>
  <File Type="PA-TCL" Name="hdmi_loop.tcl"/>
  <FileSet Name="sources" Type="DesignSrcs" RelSrcDir="$PSRCDIR/sources_1">
    <Filter Type="Srcs"/>
    <File Path="$PSRCDIR/sources_1/imports/src/i2c_master/i2c_config.v">
      <FileInfo>
        <Attr Name="ImportPath" Val="$PPRDIR/../hdmi_out_test/src/i2c_master/i2c_config.v"/>
        <Attr Name="ImportTime" Val="1490691626"/>
        <Attr Name="UsedIn" Val="synthesis"/>
        <Attr Name="UsedIn" Val="implementation"/>
        <Attr Name="UsedIn" Val="simulation"/>
      </FileInfo>
    </File>
    <File Path="$PSRCDIR/sources_1/imports/src/i2c_master/i2c_master_defines.v">
      <FileInfo>
        <Attr Name="ImportPath" Val="$PPRDIR/../hdmi_out_test/src/i2c_master/i2c_master_defines.v"/>
        <Attr Name="ImportTime" Val="1004961566"/>
        <Attr Name="UsedIn" Val="synthesis"/>
        <Attr Name="UsedIn" Val="implementation"/>
        <Attr Name="UsedIn" Val="simulation"/>
      </FileInfo>
    </File>
    <File Path="$PSRCDIR/sources_1/imports/src/i2c_master/timescale.v">
      <FileInfo>
        <Attr Name="ImportPath" Val="$PPRDIR/../hdmi_out_test/src/i2c_master/timescale.v"/>
        <Attr Name="ImportTime" Val="1001334112"/>
        <Attr Name="UsedIn" Val="synthesis"/>
        <Attr Name="UsedIn" Val="implementation"/>
        <Attr Name="UsedIn" Val="simulation"/>
      </FileInfo>
    </File>
    <File Path="$PSRCDIR/sources_1/imports/src/i2c_master/i2c_master_bit_ctrl.v">
      <FileInfo>
        <Attr Name="ImportPath" Val="$PPRDIR/../hdmi_out_test/src/i2c_master/i2c_master_bit_ctrl.v"/>
        <Attr Name="ImportTime" Val="1263314208"/>
        <Attr Name="UsedIn" Val="synthesis"/>
        <Attr Name="UsedIn" Val="implementation"/>
        <Attr Name="UsedIn" Val="simulation"/>
      </FileInfo>
    </File>
    <File Path="$PSRCDIR/sources_1/imports/src/i2c_master/i2c_master_byte_ctrl.v">
      <FileInfo>
        <Attr Name="ImportPath" Val="$PPRDIR/../hdmi_out_test/src/i2c_master/i2c_master_byte_ctrl.v"/>
        <Attr Name="ImportTime" Val="1232396966"/>
        <Attr Name="UsedIn" Val="synthesis"/>
        <Attr Name="UsedIn" Val="implementation"/>
        <Attr Name="UsedIn" Val="simulation"/>
      </FileInfo>
    </File>
    <File Path="$PSRCDIR/sources_1/imports/src/i2c_master/i2c_master_top.v">
      <FileInfo>
        <Attr Name="ImportPath" Val="$PPRDIR/../hdmi_out_test/src/i2c_master/i2c_master_top.v"/>
        <Attr Name="ImportTime" Val="1472299252"/>
        <Attr Name="UsedIn" Val="synthesis"/>
        <Attr Name="UsedIn" Val="implementation"/>
        <Attr Name="UsedIn" Val="simulation"/>
      </FileInfo>
    </File>
    <File Path="$PSRCDIR/sources_1/lut_hdmi.v">
      <FileInfo>
        <Attr Name="UsedIn" Val="synthesis"/>
        <Attr Name="UsedIn" Val="implementation"/>
        <Attr Name="UsedIn" Val="simulation"/>
      </FileInfo>
    </File>
    <File Path="$PSRCDIR/sources_1/imports/src/hdmi_loop.v">
      <FileInfo>
        <Attr Name="ImportPath" Val="$PSRCDIR/sources_1/imports/src/hdmi_loop.v"/>
        <Attr Name="ImportTime" Val="1493202219"/>
        <Attr Name="UsedIn" Val="synthesis"/>
        <Attr Name="UsedIn" Val="implementation"/>
        <Attr Name="UsedIn" Val="simulation"/>
      </FileInfo>
    </File>
    <Config>
      <Option Name="DesignMode" Val="RTL"/>
      <Option Name="TopModule" Val="hdmi_loop"/>
      <Option Name="TopAutoSet" Val="TRUE"/>
    </Config>
  </FileSet>
  <FileSet Name="constrs_in" Type="Constrs" RelSrcDir="$PSRCDIR/constrs_1">
    <Filter Type="Constrs"/>
    <File Path="$PSRCDIR/constrs_1/new/hdmi_loop.xdc">
      <FileInfo>
        <Attr Name="ImportPath" Val="$PSRCDIR/constrs_1/new/hdmi_loop.xdc"/>
        <Attr Name="ImportTime" Val="1493197379"/>
        <Attr Name="UsedIn" Val="synthesis"/>
        <Attr Name="UsedIn" Val="implementation"/>
      </FileInfo>
    </File>
    <Config>
      <Option Name="TargetConstrsFile" Val="$PSRCDIR/constrs_1/new/hdmi_loop.xdc"/>
      <Option Name="ConstrsType" Val="XDC"/>
    </Config>
  </FileSet>
  <FileSet Name="utils" Type="Utils" RelSrcDir="$PSRCDIR/utils_1">
    <Filter Type="Utils"/>
    <Config>
      <Option Name="TopAutoSet" Val="TRUE"/>
    </Config>
  </FileSet>
  <Strategy Version="1" Minor="2">
    <StratHandle Name="Vivado Implementation Defaults" Flow="Vivado Implementation 2015"/>
    <Step Id="init_design"/>
    <Step Id="opt_design"/>
    <Step Id="power_opt_design"/>
    <Step Id="place_design"/>
    <Step Id="post_place_power_opt_design"/>
    <Step Id="phys_opt_design"/>
    <Step Id="route_design"/>
    <Step Id="post_route_phys_opt_design"/>
    <Step Id="write_bitstream">
      <Option Id="BinFile">1</Option>
    </Step>
  </Strategy>
</GenRun>
