<?xml version="1.0"?>
<Runs Version="1" Minor="0">
	<Run Id="osd_rom_synth_1" LaunchDir="/home/extern_disk/meisq/ax7201/lcd_char_an430/lcd_char_an430/lcd_char_an430.runs/osd_rom_synth_1" FlowId="Vivado_Synthesis" FromStepId="vivado" ToStepId="vivado"/>
	<Run Id="video_pll_synth_1" LaunchDir="/home/extern_disk/meisq/ax7201/lcd_char_an430/lcd_char_an430/lcd_char_an430.runs/video_pll_synth_1" FlowId="Vivado_Synthesis" FromStepId="vivado" ToStepId="vivado"/>
	<Run Id="synth_1" LaunchDir="/home/extern_disk/meisq/ax7201/lcd_char_an430/lcd_char_an430/lcd_char_an430.runs/synth_1" FlowId="Vivado_Synthesis" FromStepId="vivado" ToStepId="vivado">
		<Parent Id="osd_rom_synth_1"/>
		<Parent Id="video_pll_synth_1"/>
	</Run>
	<Parameters>
		<Parameter Name="runs.monitorLSFJobs" Val="true" Type="bool"/>
	</Parameters>
</Runs>

