<?xml version="1.0" encoding="UTF-8"?>
<GenRun Id="afifo_64_256_synth_1" LaunchPart="xc7a200tfbg484-2" LaunchTime="1677215415">
  <File Type="VDS-TIMINGSUMMARY" Name="afifo_64_256_timing_summary_synth.rpt"/>
  <File Type="RDS-DCP" Name="afifo_64_256.dcp"/>
  <File Type="RDS-UTIL-PB" Name="afifo_64_256_utilization_synth.pb"/>
  <File Type="RDS-UTIL" Name="afifo_64_256_utilization_synth.rpt"/>
  <File Type="VDS-TIMING-PB" Name="afifo_64_256_timing_summary_synth.pb"/>
  <File Type="PA-TCL" Name="afifo_64_256.tcl"/>
  <File Type="REPORTS-TCL" Name="afifo_64_256_reports.tcl"/>
  <File Type="RDS-RDS" Name="afifo_64_256.vds"/>
  <File Type="RDS-PROPCONSTRS" Name="afifo_64_256_drc_synth.rpt"/>
  <FileSet Name="sources" Type="BlockSrcs" RelSrcDir="$PSRCDIR/afifo_64_256">
    <File Path="$PSRCDIR/sources_1/ip/afifo_64_256/afifo_64_256.xci">
      <FileInfo>
        <Attr Name="UsedIn" Val="synthesis"/>
        <Attr Name="UsedIn" Val="implementation"/>
        <Attr Name="UsedIn" Val="simulation"/>
      </FileInfo>
    </File>
    <Config>
      <Option Name="TopModule" Val="afifo_64_256"/>
      <Option Name="UseBlackboxStub" Val="1"/>
    </Config>
  </FileSet>
  <FileSet Name="constrs_in" Type="BlockSrcs" RelSrcDir="$PSRCDIR/afifo_64_256">
    <File Path="$PSRCDIR/sources_1/ip/afifo_64_256/afifo_64_256.xci">
      <FileInfo>
        <Attr Name="UsedIn" Val="synthesis"/>
        <Attr Name="UsedIn" Val="implementation"/>
        <Attr Name="UsedIn" Val="simulation"/>
      </FileInfo>
    </File>
    <Config>
      <Option Name="TopModule" Val="afifo_64_256"/>
      <Option Name="UseBlackboxStub" Val="1"/>
    </Config>
  </FileSet>
  <FileSet Name="utils" Type="Utils" RelSrcDir="$PSRCDIR/utils_1">
    <Filter Type="Utils"/>
    <Config>
      <Option Name="TopAutoSet" Val="TRUE"/>
    </Config>
  </FileSet>
  <Strategy Version="1" Minor="2">
    <StratHandle Name="Vivado Synthesis Defaults" Flow="Vivado Synthesis 2019">
      <Desc>Vivado Synthesis Defaults</Desc>
    </StratHandle>
    <Step Id="synth_design"/>
  </Strategy>
</GenRun>
