<?xml version="1.0" encoding="UTF-8"?>
<GenRun Id="synth_1" LaunchPart="xc7a200tfbg484-2" LaunchTime="1677135124">
  <File Type="VDS-TIMINGSUMMARY" Name="top_timing_summary_synth.rpt"/>
  <File Type="RDS-DCP" Name="top.dcp"/>
  <File Type="RDS-UTIL-PB" Name="top_utilization_synth.pb"/>
  <File Type="RDS-UTIL" Name="top_utilization_synth.rpt"/>
  <File Type="RDS-PROPCONSTRS" Name="top_drc_synth.rpt"/>
  <File Type="RDS-RDS" Name="top.vds"/>
  <File Type="REPORTS-TCL" Name="top_reports.tcl"/>
  <File Type="VDS-TIMING-PB" Name="top_timing_summary_synth.pb"/>
  <File Type="PA-TCL" Name="top.tcl"/>
  <FileSet Name="sources" Type="DesignSrcs" RelSrcDir="$PSRCDIR/sources_1">
    <Filter Type="Srcs"/>
    <File Path="$PSRCDIR/sources_1/src/audio_tx.v">
      <FileInfo>
        <Attr Name="ImportPath" Val="$PPRDIR/../audio_record_play/audio_record_play.srcs/sources_1/src/audio_tx.v"/>
        <Attr Name="ImportTime" Val="1500957169"/>
        <Attr Name="UsedIn" Val="synthesis"/>
        <Attr Name="UsedIn" Val="implementation"/>
        <Attr Name="UsedIn" Val="simulation"/>
      </FileInfo>
    </File>
    <File Path="$PSRCDIR/sources_1/src/ax_debounce.v">
      <FileInfo>
        <Attr Name="ImportPath" Val="$PPRDIR/../audio_record_play/audio_record_play.srcs/sources_1/src/ax_debounce.v"/>
        <Attr Name="ImportTime" Val="1500957169"/>
        <Attr Name="UsedIn" Val="synthesis"/>
        <Attr Name="UsedIn" Val="implementation"/>
        <Attr Name="UsedIn" Val="simulation"/>
      </FileInfo>
    </File>
    <File Path="$PSRCDIR/sources_1/src/i2c_master/i2c_config.v">
      <FileInfo>
        <Attr Name="ImportPath" Val="$PPRDIR/../audio_record_play/audio_record_play.srcs/sources_1/src/i2c_master/i2c_config.v"/>
        <Attr Name="ImportTime" Val="1500957169"/>
        <Attr Name="UsedIn" Val="synthesis"/>
        <Attr Name="UsedIn" Val="implementation"/>
        <Attr Name="UsedIn" Val="simulation"/>
      </FileInfo>
    </File>
    <File Path="$PSRCDIR/sources_1/src/i2c_master/i2c_master_defines.v">
      <FileInfo>
        <Attr Name="ImportPath" Val="$PPRDIR/../audio_record_play/audio_record_play.srcs/sources_1/src/i2c_master/i2c_master_defines.v"/>
        <Attr Name="ImportTime" Val="1500957169"/>
        <Attr Name="UsedIn" Val="synthesis"/>
        <Attr Name="UsedIn" Val="implementation"/>
        <Attr Name="UsedIn" Val="simulation"/>
      </FileInfo>
    </File>
    <File Path="$PSRCDIR/sources_1/src/i2c_master/timescale.v">
      <FileInfo>
        <Attr Name="ImportPath" Val="$PPRDIR/../audio_record_play/audio_record_play.srcs/sources_1/src/i2c_master/timescale.v"/>
        <Attr Name="ImportTime" Val="1500957169"/>
        <Attr Name="UsedIn" Val="synthesis"/>
        <Attr Name="UsedIn" Val="implementation"/>
        <Attr Name="UsedIn" Val="simulation"/>
      </FileInfo>
    </File>
    <File Path="$PSRCDIR/sources_1/src/i2c_master/i2c_master_bit_ctrl.v">
      <FileInfo>
        <Attr Name="ImportPath" Val="$PPRDIR/../audio_record_play/audio_record_play.srcs/sources_1/src/i2c_master/i2c_master_bit_ctrl.v"/>
        <Attr Name="ImportTime" Val="1500957169"/>
        <Attr Name="UsedIn" Val="synthesis"/>
        <Attr Name="UsedIn" Val="implementation"/>
        <Attr Name="UsedIn" Val="simulation"/>
      </FileInfo>
    </File>
    <File Path="$PSRCDIR/sources_1/src/i2c_master/i2c_master_byte_ctrl.v">
      <FileInfo>
        <Attr Name="ImportPath" Val="$PPRDIR/../audio_record_play/audio_record_play.srcs/sources_1/src/i2c_master/i2c_master_byte_ctrl.v"/>
        <Attr Name="ImportTime" Val="1500957169"/>
        <Attr Name="UsedIn" Val="synthesis"/>
        <Attr Name="UsedIn" Val="implementation"/>
        <Attr Name="UsedIn" Val="simulation"/>
      </FileInfo>
    </File>
    <File Path="$PSRCDIR/sources_1/src/i2c_master/i2c_master_top.v">
      <FileInfo>
        <Attr Name="ImportPath" Val="$PPRDIR/../audio_record_play/audio_record_play.srcs/sources_1/src/i2c_master/i2c_master_top.v"/>
        <Attr Name="ImportTime" Val="1500957169"/>
        <Attr Name="UsedIn" Val="synthesis"/>
        <Attr Name="UsedIn" Val="implementation"/>
        <Attr Name="UsedIn" Val="simulation"/>
      </FileInfo>
    </File>
    <File Path="$PSRCDIR/sources_1/src/lut_wm8731.v">
      <FileInfo>
        <Attr Name="ImportPath" Val="$PPRDIR/../audio_record_play/audio_record_play.srcs/sources_1/src/lut_wm8731.v"/>
        <Attr Name="ImportTime" Val="1500957169"/>
        <Attr Name="UsedIn" Val="synthesis"/>
        <Attr Name="UsedIn" Val="implementation"/>
        <Attr Name="UsedIn" Val="simulation"/>
      </FileInfo>
    </File>
    <File Path="$PSRCDIR/sources_1/src/sd_card_audio.v">
      <FileInfo>
        <Attr Name="UsedIn" Val="synthesis"/>
        <Attr Name="UsedIn" Val="implementation"/>
        <Attr Name="UsedIn" Val="simulation"/>
      </FileInfo>
    </File>
    <File Path="$PSRCDIR/sources_1/src/sd_card/sd_card_cmd.v">
      <FileInfo>
        <Attr Name="UsedIn" Val="synthesis"/>
        <Attr Name="UsedIn" Val="implementation"/>
        <Attr Name="UsedIn" Val="simulation"/>
      </FileInfo>
    </File>
    <File Path="$PSRCDIR/sources_1/src/sd_card/sd_card_sec_read_write.v">
      <FileInfo>
        <Attr Name="UsedIn" Val="synthesis"/>
        <Attr Name="UsedIn" Val="implementation"/>
        <Attr Name="UsedIn" Val="simulation"/>
      </FileInfo>
    </File>
    <File Path="$PSRCDIR/sources_1/src/sd_card/sd_card_top.v">
      <FileInfo>
        <Attr Name="UsedIn" Val="synthesis"/>
        <Attr Name="UsedIn" Val="implementation"/>
        <Attr Name="UsedIn" Val="simulation"/>
      </FileInfo>
    </File>
    <File Path="$PSRCDIR/sources_1/src/sd_card/spi_master.v">
      <FileInfo>
        <Attr Name="UsedIn" Val="synthesis"/>
        <Attr Name="UsedIn" Val="implementation"/>
        <Attr Name="UsedIn" Val="simulation"/>
      </FileInfo>
    </File>
    <File Path="$PSRCDIR/sources_1/src/wav_read.v">
      <FileInfo>
        <Attr Name="UsedIn" Val="synthesis"/>
        <Attr Name="UsedIn" Val="implementation"/>
        <Attr Name="UsedIn" Val="simulation"/>
      </FileInfo>
    </File>
    <File Path="$PSRCDIR/sources_1/src/top.v">
      <FileInfo>
        <Attr Name="ImportPath" Val="$PPRDIR/../audio_record_play/audio_record_play.srcs/sources_1/src/top.v"/>
        <Attr Name="ImportTime" Val="1505099151"/>
        <Attr Name="UsedIn" Val="synthesis"/>
        <Attr Name="UsedIn" Val="implementation"/>
        <Attr Name="UsedIn" Val="simulation"/>
      </FileInfo>
    </File>
    <Config>
      <Option Name="DesignMode" Val="RTL"/>
      <Option Name="TopModule" Val="top"/>
      <Option Name="TopAutoSet" Val="TRUE"/>
    </Config>
  </FileSet>
  <FileSet Name="constrs_in" Type="Constrs" RelSrcDir="$PSRCDIR/constrs_1">
    <Filter Type="Constrs"/>
    <File Path="$PSRCDIR/constrs_1/new/sd_card_audio.xdc">
      <FileInfo>
        <Attr Name="UsedIn" Val="synthesis"/>
        <Attr Name="UsedIn" Val="implementation"/>
      </FileInfo>
    </File>
    <Config>
      <Option Name="ConstrsType" Val="XDC"/>
    </Config>
  </FileSet>
  <FileSet Name="utils" Type="Utils" RelSrcDir="$PSRCDIR/utils_1">
    <Filter Type="Utils"/>
    <Config>
      <Option Name="TopAutoSet" Val="TRUE"/>
    </Config>
  </FileSet>
  <Strategy Version="1" Minor="2">
    <StratHandle Name="Vivado Synthesis Defaults" Flow="Vivado Synthesis 2015"/>
    <Step Id="synth_design"/>
  </Strategy>
  <BlockFileSet Type="BlockSrcs" Name="afifo_8i_32o_1024"/>
  <BlockFileSet Type="BlockSrcs" Name="sys_pll"/>
</GenRun>
