<?xml version="1.0" encoding="UTF-8"?>
<GenRun Id="synth_1" LaunchPart="xc7a200tfbg484-2" LaunchTime="1677136934">
  <File Type="VDS-TIMINGSUMMARY" Name="top_timing_summary_synth.rpt"/>
  <File Type="RDS-DCP" Name="top.dcp"/>
  <File Type="RDS-UTIL-PB" Name="top_utilization_synth.pb"/>
  <File Type="RDS-UTIL" Name="top_utilization_synth.rpt"/>
  <File Type="RDS-PROPCONSTRS" Name="top_drc_synth.rpt"/>
  <File Type="RDS-RDS" Name="top.vds"/>
  <File Type="REPORTS-TCL" Name="top_reports.tcl"/>
  <File Type="VDS-TIMING-PB" Name="top_timing_summary_synth.pb"/>
  <File Type="PA-TCL" Name="top.tcl"/>
  <FileSet Name="sources" Type="DesignSrcs" RelSrcDir="$PSRCDIR/sources_1">
    <Filter Type="Srcs"/>
    <File Path="$PSRCDIR/sources_1/src/aq_axi_master.v">
      <FileInfo>
        <Attr Name="ImportPath" Val="$PPRDIR/../sd_picture_vga/sd_picture_vga.srcs/sources_1/src/aq_axi_master.v"/>
        <Attr Name="ImportTime" Val="1480402366"/>
        <Attr Name="UsedIn" Val="synthesis"/>
        <Attr Name="UsedIn" Val="implementation"/>
        <Attr Name="UsedIn" Val="simulation"/>
      </FileInfo>
    </File>
    <File Path="$PSRCDIR/sources_1/src/ax_debounce.v">
      <FileInfo>
        <Attr Name="ImportPath" Val="$PPRDIR/../sd_picture_vga/sd_picture_vga.srcs/sources_1/src/ax_debounce.v"/>
        <Attr Name="ImportTime" Val="1500957175"/>
        <Attr Name="UsedIn" Val="synthesis"/>
        <Attr Name="UsedIn" Val="implementation"/>
        <Attr Name="UsedIn" Val="simulation"/>
      </FileInfo>
    </File>
    <File Path="$PSRCDIR/sources_1/src/bmp_read.v">
      <FileInfo>
        <Attr Name="ImportPath" Val="$PPRDIR/../sd_picture_vga/sd_picture_vga.srcs/sources_1/src/bmp_read.v"/>
        <Attr Name="ImportTime" Val="1500957175"/>
        <Attr Name="UsedIn" Val="synthesis"/>
        <Attr Name="UsedIn" Val="implementation"/>
        <Attr Name="UsedIn" Val="simulation"/>
      </FileInfo>
    </File>
    <File Path="$PSRCDIR/sources_1/src/video_define.v">
      <FileInfo>
        <Attr Name="ImportPath" Val="$PPRDIR/../sd_picture_vga/sd_picture_vga.srcs/sources_1/src/video_define.v"/>
        <Attr Name="ImportTime" Val="1500957175"/>
        <Attr Name="UsedIn" Val="synthesis"/>
        <Attr Name="UsedIn" Val="implementation"/>
        <Attr Name="UsedIn" Val="simulation"/>
      </FileInfo>
    </File>
    <File Path="$PSRCDIR/sources_1/src/color_bar.v">
      <FileInfo>
        <Attr Name="ImportPath" Val="$PPRDIR/../sd_picture_vga/sd_picture_vga.srcs/sources_1/src/color_bar.v"/>
        <Attr Name="ImportTime" Val="1500957175"/>
        <Attr Name="UsedIn" Val="synthesis"/>
        <Attr Name="UsedIn" Val="implementation"/>
        <Attr Name="UsedIn" Val="simulation"/>
      </FileInfo>
    </File>
    <File Path="$PSRCDIR/sources_1/src/frame_fifo_read.v">
      <FileInfo>
        <Attr Name="ImportPath" Val="$PPRDIR/../sd_picture_vga/sd_picture_vga.srcs/sources_1/src/frame_fifo_read.v"/>
        <Attr Name="ImportTime" Val="1500957175"/>
        <Attr Name="UsedIn" Val="synthesis"/>
        <Attr Name="UsedIn" Val="implementation"/>
        <Attr Name="UsedIn" Val="simulation"/>
      </FileInfo>
    </File>
    <File Path="$PSRCDIR/sources_1/src/frame_fifo_write.v">
      <FileInfo>
        <Attr Name="ImportPath" Val="$PPRDIR/../sd_picture_vga/sd_picture_vga.srcs/sources_1/src/frame_fifo_write.v"/>
        <Attr Name="ImportTime" Val="1500957175"/>
        <Attr Name="UsedIn" Val="synthesis"/>
        <Attr Name="UsedIn" Val="implementation"/>
        <Attr Name="UsedIn" Val="simulation"/>
      </FileInfo>
    </File>
    <File Path="$PSRCDIR/sources_1/src/frame_read_write.v">
      <FileInfo>
        <Attr Name="ImportPath" Val="$PPRDIR/../sd_picture_vga/sd_picture_vga.srcs/sources_1/src/frame_read_write.v"/>
        <Attr Name="ImportTime" Val="1505290023"/>
        <Attr Name="UsedIn" Val="synthesis"/>
        <Attr Name="UsedIn" Val="implementation"/>
        <Attr Name="UsedIn" Val="simulation"/>
      </FileInfo>
    </File>
    <File Path="$PSRCDIR/sources_1/src/sd_card_bmp.v">
      <FileInfo>
        <Attr Name="ImportPath" Val="$PPRDIR/../sd_picture_vga/sd_picture_vga.srcs/sources_1/src/sd_card_bmp.v"/>
        <Attr Name="ImportTime" Val="1505289326"/>
        <Attr Name="UsedIn" Val="synthesis"/>
        <Attr Name="UsedIn" Val="implementation"/>
        <Attr Name="UsedIn" Val="simulation"/>
      </FileInfo>
    </File>
    <File Path="$PSRCDIR/sources_1/src/sd_card/sd_card_cmd.v">
      <FileInfo>
        <Attr Name="ImportPath" Val="$PPRDIR/../sd_picture_vga/sd_picture_vga.srcs/sources_1/src/sd_card/sd_card_cmd.v"/>
        <Attr Name="ImportTime" Val="1503625654"/>
        <Attr Name="UsedIn" Val="synthesis"/>
        <Attr Name="UsedIn" Val="implementation"/>
        <Attr Name="UsedIn" Val="simulation"/>
      </FileInfo>
    </File>
    <File Path="$PSRCDIR/sources_1/src/sd_card/sd_card_sec_read_write.v">
      <FileInfo>
        <Attr Name="ImportPath" Val="$PPRDIR/../sd_picture_vga/sd_picture_vga.srcs/sources_1/src/sd_card/sd_card_sec_read_write.v"/>
        <Attr Name="ImportTime" Val="1503626037"/>
        <Attr Name="UsedIn" Val="synthesis"/>
        <Attr Name="UsedIn" Val="implementation"/>
        <Attr Name="UsedIn" Val="simulation"/>
      </FileInfo>
    </File>
    <File Path="$PSRCDIR/sources_1/src/sd_card/sd_card_top.v">
      <FileInfo>
        <Attr Name="ImportPath" Val="$PPRDIR/../sd_picture_vga/sd_picture_vga.srcs/sources_1/src/sd_card/sd_card_top.v"/>
        <Attr Name="ImportTime" Val="1502714607"/>
        <Attr Name="UsedIn" Val="synthesis"/>
        <Attr Name="UsedIn" Val="implementation"/>
        <Attr Name="UsedIn" Val="simulation"/>
      </FileInfo>
    </File>
    <File Path="$PSRCDIR/sources_1/src/sd_card/spi_master.v">
      <FileInfo>
        <Attr Name="ImportPath" Val="$PPRDIR/../sd_picture_vga/sd_picture_vga.srcs/sources_1/src/sd_card/spi_master.v"/>
        <Attr Name="ImportTime" Val="1502714591"/>
        <Attr Name="UsedIn" Val="synthesis"/>
        <Attr Name="UsedIn" Val="implementation"/>
        <Attr Name="UsedIn" Val="simulation"/>
      </FileInfo>
    </File>
    <File Path="$PSRCDIR/sources_1/src/video_timing_data.v">
      <FileInfo>
        <Attr Name="ImportPath" Val="$PPRDIR/../sd_picture_vga/sd_picture_vga.srcs/sources_1/src/video_timing_data.v"/>
        <Attr Name="ImportTime" Val="1500957175"/>
        <Attr Name="UsedIn" Val="synthesis"/>
        <Attr Name="UsedIn" Val="implementation"/>
        <Attr Name="UsedIn" Val="simulation"/>
      </FileInfo>
    </File>
    <File Path="$PSRCDIR/sources_1/src/top.v">
      <FileInfo>
        <Attr Name="ImportPath" Val="$PPRDIR/../sd_picture_vga/sd_picture_vga.srcs/sources_1/src/top.v"/>
        <Attr Name="ImportTime" Val="1505291740"/>
        <Attr Name="UsedIn" Val="synthesis"/>
        <Attr Name="UsedIn" Val="implementation"/>
        <Attr Name="UsedIn" Val="simulation"/>
      </FileInfo>
    </File>
    <File Path="$PSRCDIR/sources_1/ip/ddr3/mig_a.prj">
      <FileInfo>
        <Attr Name="ImportPath" Val="$PPRDIR/../sd_picture_vga/sd_picture_vga.srcs/sources_1/ip/ddr3/mig_a.prj"/>
        <Attr Name="ImportTime" Val="1505097020"/>
        <Attr Name="UsedIn" Val="synthesis"/>
        <Attr Name="ScopedToCell" Val="ddr3"/>
      </FileInfo>
    </File>
    <File Path="$PSRCDIR/sources_1/ip/ddr3/mig_b.prj">
      <FileInfo>
        <Attr Name="UsedIn" Val="synthesis"/>
        <Attr Name="ScopedToCell" Val="ddr3"/>
      </FileInfo>
    </File>
    <Config>
      <Option Name="DesignMode" Val="RTL"/>
      <Option Name="TopModule" Val="top"/>
      <Option Name="TopAutoSet" Val="TRUE"/>
    </Config>
  </FileSet>
  <FileSet Name="constrs_in" Type="Constrs" RelSrcDir="$PSRCDIR/constrs_1">
    <Filter Type="Constrs"/>
    <File Path="$PSRCDIR/constrs_1/new/sd_picture_lcd.xdc">
      <FileInfo>
        <Attr Name="ImportPath" Val="$PSRCDIR/constrs_1/new/sd_picture_lcd.xdc"/>
        <Attr Name="ImportTime" Val="1505295615"/>
        <Attr Name="UsedIn" Val="synthesis"/>
        <Attr Name="UsedIn" Val="implementation"/>
      </FileInfo>
    </File>
    <Config>
      <Option Name="ConstrsType" Val="XDC"/>
    </Config>
  </FileSet>
  <FileSet Name="utils" Type="Utils" RelSrcDir="$PSRCDIR/utils_1">
    <Filter Type="Utils"/>
    <Config>
      <Option Name="TopAutoSet" Val="TRUE"/>
    </Config>
  </FileSet>
  <Strategy Version="1" Minor="2">
    <StratHandle Name="Vivado Synthesis Defaults" Flow="Vivado Synthesis 2015"/>
    <Step Id="synth_design"/>
  </Strategy>
  <BlockFileSet Type="BlockSrcs" Name="video_pll"/>
  <BlockFileSet Type="BlockSrcs" Name="sys_pll"/>
  <BlockFileSet Type="BlockSrcs" Name="afifo_64i_32o_128"/>
  <BlockFileSet Type="BlockSrcs" Name="afifo_32i_64o_256"/>
  <BlockFileSet Type="BlockSrcs" Name="ddr3"/>
</GenRun>
