<?xml version="1.0" encoding="UTF-8"?>
<!-- Product Version: Vivado v2019.1 (64-bit)                     -->
<!--                                                              -->
<!-- Copyright 1986-2019 Xilinx, Inc. All Rights Reserved.        -->

<hwsession version="1" minor="1">
  <device name="xc7a100t_0" gui_info=""/>
  <ObjectList object_type="hw_device" gui_info="">
    <Object name="xc7a100t_0" gui_info="">
      <Properties Property="FULL_PROBES.FILE" value=""/>
      <Properties Property="PROBES.FILE" value=""/>
      <Properties Property="PROGRAM.HW_BITSTREAM" value="$_project_name_.runs/impl_1/example_ibert_7series_gtp_0.bit"/>
      <Properties Property="SLR.COUNT" value="1"/>
    </Object>
  </ObjectList>
  <ObjectList object_type="hw_ila" gui_info="">
    <Object name="" gui_info="">
      <Properties Property="CONTROL.TRIGGER_CONDITION" value="AND"/>
      <Properties Property="CORE_REFRESH_RATE_MS" value="500"/>
    </Object>
  </ObjectList>
  <ObjectList object_type="hw_sio_link" gui_info="">
    <Object name="localhost:3121/xilinx_tcf/Digilent/210512180081/0_1_0/IBERT/Quad_216/MGT_X0Y5/TX->localhost:3121/xilinx_tcf/Digilent/210512180081/0_1_0/IBERT/Quad_216/MGT_X0Y5/RX" gui_info="">
      <Attributes Attribute="RX_HANDLE" value="localhost:3121/xilinx_tcf/Digilent/210512180081/0_1_0/IBERT/Quad_216/MGT_X0Y5/RX"/>
      <Attributes Attribute="TX_HANDLE" value="localhost:3121/xilinx_tcf/Digilent/210512180081/0_1_0/IBERT/Quad_216/MGT_X0Y5/TX"/>
      <Properties Property="DESCRIPTION" value="Found 0"/>
    </Object>
  </ObjectList>
  <ObjectList object_type="hw_sio_linkgroup" gui_info="">
    <Object name="LINKGROUP_0" gui_info="">
      <Attributes Attribute="LINK_HANDLE0" value="localhost:3121/xilinx_tcf/Digilent/210512180081/0_1_0/IBERT/Quad_216/MGT_X0Y5/TX->localhost:3121/xilinx_tcf/Digilent/210512180081/0_1_0/IBERT/Quad_216/MGT_X0Y5/RX"/>
      <Properties Property="DESCRIPTION" value="Found Links"/>
    </Object>
  </ObjectList>
  <probeset name="hw project" active="false"/>
</hwsession>
