<?xml version="1.0" encoding="UTF-8"?>
<GenRun Id="osd_rom_synth_1" LaunchPart="xc7a200tfbg484-2" LaunchTime="1677130009">
  <File Type="VDS-TIMINGSUMMARY" Name="osd_rom_timing_summary_synth.rpt"/>
  <File Type="RDS-DCP" Name="osd_rom.dcp"/>
  <File Type="RDS-UTIL-PB" Name="osd_rom_utilization_synth.pb"/>
  <File Type="RDS-UTIL" Name="osd_rom_utilization_synth.rpt"/>
  <File Type="VDS-TIMING-PB" Name="osd_rom_timing_summary_synth.pb"/>
  <File Type="PA-TCL" Name="osd_rom.tcl"/>
  <File Type="REPORTS-TCL" Name="osd_rom_reports.tcl"/>
  <File Type="RDS-RDS" Name="osd_rom.vds"/>
  <File Type="RDS-PROPCONSTRS" Name="osd_rom_drc_synth.rpt"/>
  <FileSet Name="sources" Type="BlockSrcs" RelSrcDir="$PSRCDIR/osd_rom">
    <File Path="$PSRCDIR/sources_1/ip/osd_rom/osd_rom.xci">
      <FileInfo>
        <Attr Name="UsedIn" Val="synthesis"/>
        <Attr Name="UsedIn" Val="implementation"/>
        <Attr Name="UsedIn" Val="simulation"/>
      </FileInfo>
    </File>
    <Config>
      <Option Name="TopModule" Val="osd_rom"/>
      <Option Name="UseBlackboxStub" Val="1"/>
    </Config>
  </FileSet>
  <FileSet Name="constrs_in" Type="BlockSrcs" RelSrcDir="$PSRCDIR/osd_rom">
    <File Path="$PSRCDIR/sources_1/ip/osd_rom/osd_rom.xci">
      <FileInfo>
        <Attr Name="UsedIn" Val="synthesis"/>
        <Attr Name="UsedIn" Val="implementation"/>
        <Attr Name="UsedIn" Val="simulation"/>
      </FileInfo>
    </File>
    <Config>
      <Option Name="TopModule" Val="osd_rom"/>
      <Option Name="UseBlackboxStub" Val="1"/>
    </Config>
  </FileSet>
  <FileSet Name="utils" Type="Utils" RelSrcDir="$PSRCDIR/utils_1">
    <Filter Type="Utils"/>
    <Config>
      <Option Name="TopAutoSet" Val="TRUE"/>
    </Config>
  </FileSet>
  <Strategy Version="1" Minor="2">
    <StratHandle Name="Vivado Synthesis Defaults" Flow="Vivado Synthesis 2019">
      <Desc>Vivado Synthesis Defaults</Desc>
    </StratHandle>
    <Step Id="synth_design"/>
  </Strategy>
</GenRun>
