<?xml version="1.0" encoding="UTF-8"?>
<GenRun Id="impl_1" LaunchPart="xc7a200tfbg484-2" LaunchTime="1677122870">
  <File Type="WBT-USG" Name="usage_statistics_webtalk.html"/>
  <File Type="RDI-RDI" Name="top.vdi"/>
  <File Type="BG-DRC" Name="top.drc"/>
  <File Type="BG-BGN" Name="top.bgn"/>
  <File Type="BITSTR-SYSDEF" Name="top.sysdef"/>
  <File Type="BITSTR-LTX" Name="debug_nets.ltx"/>
  <File Type="BITSTR-LTX" Name="top.ltx"/>
  <File Type="BITSTR-MMI" Name="top.mmi"/>
  <File Type="BITSTR-BMM" Name="top_bd.bmm"/>
  <File Type="BITSTR-NKY" Name="top.nky"/>
  <File Type="BITSTR-RBT" Name="top.rbt"/>
  <File Type="BITSTR-MSK" Name="top.msk"/>
  <File Type="BG-BIN" Name="top.bin"/>
  <File Type="BG-BIT" Name="top.bit"/>
  <File Type="POSTROUTE-PHYSOPT-BUS-SKEW-RPX" Name="top_bus_skew_postroute_physopted.rpx"/>
  <File Type="POSTROUTE-PHYSOPT-BUS-SKEW-PB" Name="top_bus_skew_postroute_physopted.pb"/>
  <File Type="POSTROUTE-PHYSOPT-BUS-SKEW" Name="top_bus_skew_postroute_physopted.rpt"/>
  <File Type="POSTROUTE-PHYSOPT-TIMING-RPX" Name="top_timing_summary_postroute_physopted.rpx"/>
  <File Type="POSTROUTE-PHYSOPT-TIMING-PB" Name="top_timing_summary_postroute_physopted.pb"/>
  <File Type="POSTROUTE-PHYSOPT-TIMING" Name="top_timing_summary_postroute_physopted.rpt"/>
  <File Type="POSTROUTE-PHYSOPT-BLACKBOX-DCP" Name="top_postroute_physopt_bb.dcp"/>
  <File Type="POSTROUTE-PHYSOPT-DCP" Name="top_postroute_physopt.dcp"/>
  <File Type="ROUTE-BUS-SKEW-RPX" Name="top_bus_skew_routed.rpx"/>
  <File Type="ROUTE-BUS-SKEW-PB" Name="top_bus_skew_routed.pb"/>
  <File Type="ROUTE-BUS-SKEW" Name="top_bus_skew_routed.rpt"/>
  <File Type="ROUTE-CLK" Name="top_clock_utilization_routed.rpt"/>
  <File Type="ROUTE-SIMILARITY" Name="top_incremental_reuse_routed.rpt"/>
  <File Type="ROUTE-TIMING-RPX" Name="top_timing_summary_routed.rpx"/>
  <File Type="ROUTE-TIMING-PB" Name="top_timing_summary_routed.pb"/>
  <File Type="ROUTE-TIMINGSUMMARY" Name="top_timing_summary_routed.rpt"/>
  <File Type="ROUTE-STATUS-PB" Name="top_route_status.pb"/>
  <File Type="ROUTE-STATUS" Name="top_route_status.rpt"/>
  <File Type="ROUTE-PWR-RPX" Name="top_power_routed.rpx"/>
  <File Type="ROUTE-PWR-SUM" Name="top_power_summary_routed.pb"/>
  <File Type="ROUTE-PWR" Name="top_power_routed.rpt"/>
  <File Type="ROUTE-METHODOLOGY-DRC-PB" Name="top_methodology_drc_routed.pb"/>
  <File Type="ROUTE-METHODOLOGY-DRC-RPX" Name="top_methodology_drc_routed.rpx"/>
  <File Type="ROUTE-METHODOLOGY-DRC" Name="top_methodology_drc_routed.rpt"/>
  <File Type="ROUTE-DRC-RPX" Name="top_drc_routed.rpx"/>
  <File Type="ROUTE-DRC-PB" Name="top_drc_routed.pb"/>
  <File Type="ROUTE-DRC" Name="top_drc_routed.rpt"/>
  <File Type="ROUTE-BLACKBOX-DCP" Name="top_routed_bb.dcp"/>
  <File Type="ROUTE-DCP" Name="top_routed.dcp"/>
  <File Type="ROUTE-ERROR-DCP" Name="top_routed_error.dcp"/>
  <File Type="PHYSOPT-TIMING" Name="top_timing_summary_physopted.rpt"/>
  <File Type="PHYSOPT-DRC" Name="top_drc_physopted.rpt"/>
  <File Type="PHYSOPT-DCP" Name="top_physopt.dcp"/>
  <File Type="POSTPLACE-PWROPT-TIMING" Name="top_timing_summary_postplace_pwropted.rpt"/>
  <File Type="POSTPLACE-PWROPT-DCP" Name="top_postplace_pwropt.dcp"/>
  <File Type="PLACE-TIMING" Name="top_timing_summary_placed.rpt"/>
  <File Type="PLACE-PRE-SIMILARITY" Name="top_incremental_reuse_pre_placed.rpt"/>
  <File Type="PLACE-SIMILARITY" Name="top_incremental_reuse_placed.rpt"/>
  <File Type="PLACE-CTRL" Name="top_control_sets_placed.rpt"/>
  <File Type="PLACE-UTIL-PB" Name="top_utilization_placed.pb"/>
  <File Type="PLACE-UTIL" Name="top_utilization_placed.rpt"/>
  <File Type="PLACE-CLK" Name="top_clock_utilization_placed.rpt"/>
  <File Type="PLACE-IO" Name="top_io_placed.rpt"/>
  <File Type="PLACE-DCP" Name="top_placed.dcp"/>
  <File Type="PWROPT-DRC" Name="top_drc_pwropted.rpt"/>
  <File Type="PWROPT-DCP" Name="top_pwropt.dcp"/>
  <File Type="OPT-HWDEF" Name="top.hwdef"/>
  <File Type="OPT-METHODOLOGY-DRC" Name="top_methodology_drc_opted.rpt"/>
  <File Type="OPT-DRC" Name="top_drc_opted.rpt"/>
  <File Type="OPT-DCP" Name="top_opt.dcp"/>
  <File Type="INIT-TIMING" Name="top_timing_summary_init.rpt"/>
  <File Type="PWROPT-TIMING" Name="top_timing_summary_pwropted.rpt"/>
  <File Type="REPORTS-TCL" Name="top_reports.tcl"/>
  <File Type="OPT-TIMING" Name="top_timing_summary_opted.rpt"/>
  <File Type="PA-TCL" Name="top.tcl"/>
  <FileSet Name="sources" Type="DesignSrcs" RelSrcDir="$PSRCDIR/sources_1">
    <Filter Type="Srcs"/>
    <File Path="$PSRCDIR/sources_1/ad/ad9280_sample.v">
      <FileInfo>
        <Attr Name="UsedIn" Val="synthesis"/>
        <Attr Name="UsedIn" Val="implementation"/>
        <Attr Name="UsedIn" Val="simulation"/>
      </FileInfo>
    </File>
    <File Path="$PSRCDIR/sources_1/aq_axi_master.v">
      <FileInfo>
        <Attr Name="ImportPath" Val="$PPRDIR/../ddr3_ov5640_an070_lcd/ddr3_ov5640_an070_lcd.srcs/sources_1/aq_axi_master.v"/>
        <Attr Name="ImportTime" Val="1480402366"/>
        <Attr Name="UsedIn" Val="synthesis"/>
        <Attr Name="UsedIn" Val="implementation"/>
        <Attr Name="UsedIn" Val="simulation"/>
      </FileInfo>
    </File>
    <File Path="$PSRCDIR/sources_1/mac/arp_cache.v">
      <FileInfo>
        <Attr Name="UsedIn" Val="synthesis"/>
        <Attr Name="UsedIn" Val="implementation"/>
        <Attr Name="UsedIn" Val="simulation"/>
      </FileInfo>
    </File>
    <File Path="$PSRCDIR/sources_1/mac/rx/arp_rx.v">
      <FileInfo>
        <Attr Name="UsedIn" Val="synthesis"/>
        <Attr Name="UsedIn" Val="implementation"/>
        <Attr Name="UsedIn" Val="simulation"/>
      </FileInfo>
    </File>
    <File Path="$PSRCDIR/sources_1/mac/tx/arp_tx.v">
      <FileInfo>
        <Attr Name="UsedIn" Val="synthesis"/>
        <Attr Name="UsedIn" Val="implementation"/>
        <Attr Name="UsedIn" Val="simulation"/>
      </FileInfo>
    </File>
    <File Path="$PSRCDIR/sources_1/mac/crc.v">
      <FileInfo>
        <Attr Name="UsedIn" Val="synthesis"/>
        <Attr Name="UsedIn" Val="implementation"/>
        <Attr Name="UsedIn" Val="simulation"/>
      </FileInfo>
    </File>
    <File Path="$PSRCDIR/sources_1/mac/dpram.v">
      <FileInfo>
        <Attr Name="UsedIn" Val="synthesis"/>
        <Attr Name="UsedIn" Val="implementation"/>
        <Attr Name="UsedIn" Val="simulation"/>
      </FileInfo>
    </File>
    <File Path="$PSRCDIR/sources_1/mac/eth_cmd.v">
      <FileInfo>
        <Attr Name="UsedIn" Val="synthesis"/>
        <Attr Name="UsedIn" Val="implementation"/>
        <Attr Name="UsedIn" Val="simulation"/>
      </FileInfo>
    </File>
    <File Path="$PSRCDIR/sources_1/mac/eth_top.v">
      <FileInfo>
        <Attr Name="UsedIn" Val="synthesis"/>
        <Attr Name="UsedIn" Val="implementation"/>
        <Attr Name="UsedIn" Val="simulation"/>
      </FileInfo>
    </File>
    <File Path="$PSRCDIR/sources_1/frame_fifo_read.v">
      <FileInfo>
        <Attr Name="ImportPath" Val="$PPRDIR/../ddr3_ov5640_an070_lcd/ddr3_ov5640_an070_lcd.srcs/sources_1/frame_fifo_read.v"/>
        <Attr Name="ImportTime" Val="1500957176"/>
        <Attr Name="UsedIn" Val="synthesis"/>
        <Attr Name="UsedIn" Val="implementation"/>
        <Attr Name="UsedIn" Val="simulation"/>
      </FileInfo>
    </File>
    <File Path="$PSRCDIR/sources_1/frame_fifo_write.v">
      <FileInfo>
        <Attr Name="ImportPath" Val="$PPRDIR/../ddr3_ov5640_an070_lcd/ddr3_ov5640_an070_lcd.srcs/sources_1/frame_fifo_write.v"/>
        <Attr Name="ImportTime" Val="1500957176"/>
        <Attr Name="UsedIn" Val="synthesis"/>
        <Attr Name="UsedIn" Val="implementation"/>
        <Attr Name="UsedIn" Val="simulation"/>
      </FileInfo>
    </File>
    <File Path="$PSRCDIR/sources_1/frame_read_write.v">
      <FileInfo>
        <Attr Name="ImportPath" Val="$PPRDIR/../ddr3_ov5640_an070_lcd/ddr3_ov5640_an070_lcd.srcs/sources_1/frame_read_write.v"/>
        <Attr Name="ImportTime" Val="1505114228"/>
        <Attr Name="UsedIn" Val="synthesis"/>
        <Attr Name="UsedIn" Val="implementation"/>
        <Attr Name="UsedIn" Val="simulation"/>
      </FileInfo>
    </File>
    <File Path="$PSRCDIR/sources_1/mac/icmp_reply.v">
      <FileInfo>
        <Attr Name="UsedIn" Val="synthesis"/>
        <Attr Name="UsedIn" Val="implementation"/>
        <Attr Name="UsedIn" Val="simulation"/>
      </FileInfo>
    </File>
    <File Path="$PSRCDIR/sources_1/mac/rx/ip_rx.v">
      <FileInfo>
        <Attr Name="UsedIn" Val="synthesis"/>
        <Attr Name="UsedIn" Val="implementation"/>
        <Attr Name="UsedIn" Val="simulation"/>
      </FileInfo>
    </File>
    <File Path="$PSRCDIR/sources_1/mac/tx/ip_tx.v">
      <FileInfo>
        <Attr Name="UsedIn" Val="synthesis"/>
        <Attr Name="UsedIn" Val="implementation"/>
        <Attr Name="UsedIn" Val="simulation"/>
      </FileInfo>
    </File>
    <File Path="$PSRCDIR/sources_1/mac/tx/ip_tx_mode.v">
      <FileInfo>
        <Attr Name="UsedIn" Val="synthesis"/>
        <Attr Name="UsedIn" Val="implementation"/>
        <Attr Name="UsedIn" Val="simulation"/>
      </FileInfo>
    </File>
    <File Path="$PSRCDIR/sources_1/mac/mac_ctrl.v">
      <FileInfo>
        <Attr Name="UsedIn" Val="synthesis"/>
        <Attr Name="UsedIn" Val="implementation"/>
        <Attr Name="UsedIn" Val="simulation"/>
      </FileInfo>
    </File>
    <File Path="$PSRCDIR/sources_1/mac/rx/mac_rx.v">
      <FileInfo>
        <Attr Name="UsedIn" Val="synthesis"/>
        <Attr Name="UsedIn" Val="implementation"/>
        <Attr Name="UsedIn" Val="simulation"/>
      </FileInfo>
    </File>
    <File Path="$PSRCDIR/sources_1/mac/rx/mac_rx_top.v">
      <FileInfo>
        <Attr Name="UsedIn" Val="synthesis"/>
        <Attr Name="UsedIn" Val="implementation"/>
        <Attr Name="UsedIn" Val="simulation"/>
      </FileInfo>
    </File>
    <File Path="$PSRCDIR/sources_1/mac/mac_top.v">
      <FileInfo>
        <Attr Name="UsedIn" Val="synthesis"/>
        <Attr Name="UsedIn" Val="implementation"/>
        <Attr Name="UsedIn" Val="simulation"/>
      </FileInfo>
    </File>
    <File Path="$PSRCDIR/sources_1/mac/tx/mac_tx.v">
      <FileInfo>
        <Attr Name="UsedIn" Val="synthesis"/>
        <Attr Name="UsedIn" Val="implementation"/>
        <Attr Name="UsedIn" Val="simulation"/>
      </FileInfo>
    </File>
    <File Path="$PSRCDIR/sources_1/mac/tx/mac_tx_mode.v">
      <FileInfo>
        <Attr Name="UsedIn" Val="synthesis"/>
        <Attr Name="UsedIn" Val="implementation"/>
        <Attr Name="UsedIn" Val="simulation"/>
      </FileInfo>
    </File>
    <File Path="$PSRCDIR/sources_1/mac/tx/mac_tx_top.v">
      <FileInfo>
        <Attr Name="UsedIn" Val="synthesis"/>
        <Attr Name="UsedIn" Val="implementation"/>
        <Attr Name="UsedIn" Val="simulation"/>
      </FileInfo>
    </File>
    <File Path="$PSRCDIR/sources_1/new/reset.v">
      <FileInfo>
        <Attr Name="UsedIn" Val="synthesis"/>
        <Attr Name="UsedIn" Val="implementation"/>
        <Attr Name="UsedIn" Val="simulation"/>
      </FileInfo>
    </File>
    <File Path="$PSRCDIR/sources_1/mac/rx/udp_rx.v">
      <FileInfo>
        <Attr Name="UsedIn" Val="synthesis"/>
        <Attr Name="UsedIn" Val="implementation"/>
        <Attr Name="UsedIn" Val="simulation"/>
      </FileInfo>
    </File>
    <File Path="$PSRCDIR/sources_1/mac/tx/udp_tx.v">
      <FileInfo>
        <Attr Name="UsedIn" Val="synthesis"/>
        <Attr Name="UsedIn" Val="implementation"/>
        <Attr Name="UsedIn" Val="simulation"/>
      </FileInfo>
    </File>
    <File Path="$PSRCDIR/sources_1/util_gmii_to_rgmii.v">
      <FileInfo>
        <Attr Name="UsedIn" Val="synthesis"/>
        <Attr Name="UsedIn" Val="implementation"/>
        <Attr Name="UsedIn" Val="simulation"/>
      </FileInfo>
    </File>
    <File Path="$PSRCDIR/sources_1/miim/miim_types.vhd">
      <FileInfo>
        <Attr Name="UsedIn" Val="synthesis"/>
        <Attr Name="UsedIn" Val="simulation"/>
      </FileInfo>
    </File>
    <File Path="$PSRCDIR/sources_1/miim/utility.vhd">
      <FileInfo>
        <Attr Name="UsedIn" Val="synthesis"/>
        <Attr Name="UsedIn" Val="simulation"/>
      </FileInfo>
    </File>
    <File Path="$PSRCDIR/sources_1/miim/miim.vhd">
      <FileInfo>
        <Attr Name="UsedIn" Val="synthesis"/>
        <Attr Name="UsedIn" Val="simulation"/>
      </FileInfo>
    </File>
    <File Path="$PSRCDIR/sources_1/miim/miim_registers.vhd">
      <FileInfo>
        <Attr Name="UsedIn" Val="synthesis"/>
        <Attr Name="UsedIn" Val="simulation"/>
      </FileInfo>
    </File>
    <File Path="$PSRCDIR/sources_1/miim/miim_control.vhd">
      <FileInfo>
        <Attr Name="UsedIn" Val="synthesis"/>
        <Attr Name="UsedIn" Val="simulation"/>
      </FileInfo>
    </File>
    <File Path="$PSRCDIR/sources_1/miim/miim_top.vhd">
      <FileInfo>
        <Attr Name="UsedIn" Val="synthesis"/>
        <Attr Name="UsedIn" Val="simulation"/>
      </FileInfo>
    </File>
    <File Path="$PSRCDIR/sources_1/top.v">
      <FileInfo>
        <Attr Name="ImportPath" Val="$PPRDIR/../ddr3_ov5640_an070_lcd/ddr3_ov5640_an070_lcd.srcs/sources_1/top.v"/>
        <Attr Name="ImportTime" Val="1505115254"/>
        <Attr Name="UsedIn" Val="synthesis"/>
        <Attr Name="UsedIn" Val="implementation"/>
        <Attr Name="UsedIn" Val="simulation"/>
      </FileInfo>
    </File>
    <File Path="$PSRCDIR/sources_1/ip/ddr3/mig_a.prj">
      <FileInfo>
        <Attr Name="ImportPath" Val="$PPRDIR/../ddr3_ov5640_an070_lcd/ddr3_ov5640_an070_lcd.srcs/sources_1/ip/ddr3/mig_a.prj"/>
        <Attr Name="ImportTime" Val="1505097020"/>
        <Attr Name="UsedIn" Val="synthesis"/>
        <Attr Name="ScopedToCell" Val="ddr3"/>
      </FileInfo>
    </File>
    <File Path="$PSRCDIR/sources_1/ip/ddr3/mig_b.prj">
      <FileInfo>
        <Attr Name="UsedIn" Val="synthesis"/>
        <Attr Name="ScopedToCell" Val="ddr3"/>
      </FileInfo>
    </File>
    <Config>
      <Option Name="DesignMode" Val="RTL"/>
      <Option Name="TopModule" Val="top"/>
      <Option Name="TopAutoSet" Val="TRUE"/>
    </Config>
  </FileSet>
  <FileSet Name="constrs_in" Type="Constrs" RelSrcDir="$PSRCDIR/constrs_1">
    <Filter Type="Constrs"/>
    <File Path="$PSRCDIR/constrs_1/new/adc_ethernet.xdc">
      <FileInfo>
        <Attr Name="UsedIn" Val="synthesis"/>
        <Attr Name="UsedIn" Val="implementation"/>
      </FileInfo>
    </File>
    <Config>
      <Option Name="TargetConstrsFile" Val="$PSRCDIR/constrs_1/new/adc_ethernet.xdc"/>
      <Option Name="ConstrsType" Val="XDC"/>
    </Config>
  </FileSet>
  <FileSet Name="utils" Type="Utils" RelSrcDir="$PSRCDIR/utils_1">
    <Filter Type="Utils"/>
    <Config>
      <Option Name="TopAutoSet" Val="TRUE"/>
    </Config>
  </FileSet>
  <Strategy Version="1" Minor="2">
    <StratHandle Name="Vivado Implementation Defaults" Flow="Vivado Implementation 2015"/>
    <Step Id="init_design"/>
    <Step Id="opt_design"/>
    <Step Id="power_opt_design"/>
    <Step Id="place_design"/>
    <Step Id="post_place_power_opt_design"/>
    <Step Id="phys_opt_design"/>
    <Step Id="route_design"/>
    <Step Id="post_route_phys_opt_design"/>
    <Step Id="write_bitstream"/>
  </Strategy>
  <BlockFileSet Type="BlockSrcs" Name="afifo_64i_16o_128"/>
  <BlockFileSet Type="BlockSrcs" Name="afifo_16i_64o_512"/>
  <BlockFileSet Type="BlockSrcs" Name="ddr3"/>
  <BlockFileSet Type="BlockSrcs" Name="adc_pll"/>
</GenRun>
