<?xml version="1.0" encoding="UTF-8"?>
<GenRun Id="impl_1" LaunchPart="xc7a200tfbg484-2" LaunchTime="1677130009">
  <File Type="WBT-USG" Name="usage_statistics_webtalk.html"/>
  <File Type="RDI-RDI" Name="video_out_test.vdi"/>
  <File Type="BG-DRC" Name="video_out_test.drc"/>
  <File Type="BG-BGN" Name="video_out_test.bgn"/>
  <File Type="BITSTR-SYSDEF" Name="video_out_test.sysdef"/>
  <File Type="BITSTR-LTX" Name="debug_nets.ltx"/>
  <File Type="BITSTR-LTX" Name="video_out_test.ltx"/>
  <File Type="BITSTR-MMI" Name="video_out_test.mmi"/>
  <File Type="BITSTR-BMM" Name="video_out_test_bd.bmm"/>
  <File Type="BITSTR-NKY" Name="video_out_test.nky"/>
  <File Type="BITSTR-RBT" Name="video_out_test.rbt"/>
  <File Type="BITSTR-MSK" Name="video_out_test.msk"/>
  <File Type="BG-BIN" Name="video_out_test.bin"/>
  <File Type="BG-BIT" Name="video_out_test.bit"/>
  <File Type="POSTROUTE-PHYSOPT-BUS-SKEW-RPX" Name="video_out_test_bus_skew_postroute_physopted.rpx"/>
  <File Type="POSTROUTE-PHYSOPT-BUS-SKEW-PB" Name="video_out_test_bus_skew_postroute_physopted.pb"/>
  <File Type="POSTROUTE-PHYSOPT-BUS-SKEW" Name="video_out_test_bus_skew_postroute_physopted.rpt"/>
  <File Type="POSTROUTE-PHYSOPT-TIMING-RPX" Name="video_out_test_timing_summary_postroute_physopted.rpx"/>
  <File Type="POSTROUTE-PHYSOPT-TIMING-PB" Name="video_out_test_timing_summary_postroute_physopted.pb"/>
  <File Type="POSTROUTE-PHYSOPT-TIMING" Name="video_out_test_timing_summary_postroute_physopted.rpt"/>
  <File Type="POSTROUTE-PHYSOPT-BLACKBOX-DCP" Name="video_out_test_postroute_physopt_bb.dcp"/>
  <File Type="POSTROUTE-PHYSOPT-DCP" Name="video_out_test_postroute_physopt.dcp"/>
  <File Type="ROUTE-BUS-SKEW-RPX" Name="video_out_test_bus_skew_routed.rpx"/>
  <File Type="ROUTE-BUS-SKEW-PB" Name="video_out_test_bus_skew_routed.pb"/>
  <File Type="ROUTE-BUS-SKEW" Name="video_out_test_bus_skew_routed.rpt"/>
  <File Type="ROUTE-CLK" Name="video_out_test_clock_utilization_routed.rpt"/>
  <File Type="ROUTE-SIMILARITY" Name="video_out_test_incremental_reuse_routed.rpt"/>
  <File Type="ROUTE-TIMING-RPX" Name="video_out_test_timing_summary_routed.rpx"/>
  <File Type="ROUTE-TIMING-PB" Name="video_out_test_timing_summary_routed.pb"/>
  <File Type="ROUTE-TIMINGSUMMARY" Name="video_out_test_timing_summary_routed.rpt"/>
  <File Type="ROUTE-STATUS-PB" Name="video_out_test_route_status.pb"/>
  <File Type="ROUTE-STATUS" Name="video_out_test_route_status.rpt"/>
  <File Type="ROUTE-PWR-RPX" Name="video_out_test_power_routed.rpx"/>
  <File Type="ROUTE-PWR-SUM" Name="video_out_test_power_summary_routed.pb"/>
  <File Type="ROUTE-PWR" Name="video_out_test_power_routed.rpt"/>
  <File Type="ROUTE-METHODOLOGY-DRC-PB" Name="video_out_test_methodology_drc_routed.pb"/>
  <File Type="ROUTE-METHODOLOGY-DRC-RPX" Name="video_out_test_methodology_drc_routed.rpx"/>
  <File Type="ROUTE-METHODOLOGY-DRC" Name="video_out_test_methodology_drc_routed.rpt"/>
  <File Type="ROUTE-DRC-RPX" Name="video_out_test_drc_routed.rpx"/>
  <File Type="ROUTE-DRC-PB" Name="video_out_test_drc_routed.pb"/>
  <File Type="ROUTE-DRC" Name="video_out_test_drc_routed.rpt"/>
  <File Type="ROUTE-BLACKBOX-DCP" Name="video_out_test_routed_bb.dcp"/>
  <File Type="ROUTE-DCP" Name="video_out_test_routed.dcp"/>
  <File Type="ROUTE-ERROR-DCP" Name="video_out_test_routed_error.dcp"/>
  <File Type="PHYSOPT-TIMING" Name="video_out_test_timing_summary_physopted.rpt"/>
  <File Type="PHYSOPT-DRC" Name="video_out_test_drc_physopted.rpt"/>
  <File Type="PHYSOPT-DCP" Name="video_out_test_physopt.dcp"/>
  <File Type="POSTPLACE-PWROPT-TIMING" Name="video_out_test_timing_summary_postplace_pwropted.rpt"/>
  <File Type="POSTPLACE-PWROPT-DCP" Name="video_out_test_postplace_pwropt.dcp"/>
  <File Type="PLACE-TIMING" Name="video_out_test_timing_summary_placed.rpt"/>
  <File Type="PLACE-PRE-SIMILARITY" Name="video_out_test_incremental_reuse_pre_placed.rpt"/>
  <File Type="PLACE-SIMILARITY" Name="video_out_test_incremental_reuse_placed.rpt"/>
  <File Type="PLACE-CTRL" Name="video_out_test_control_sets_placed.rpt"/>
  <File Type="PLACE-UTIL-PB" Name="video_out_test_utilization_placed.pb"/>
  <File Type="PLACE-UTIL" Name="video_out_test_utilization_placed.rpt"/>
  <File Type="PLACE-CLK" Name="video_out_test_clock_utilization_placed.rpt"/>
  <File Type="PLACE-IO" Name="video_out_test_io_placed.rpt"/>
  <File Type="PLACE-DCP" Name="video_out_test_placed.dcp"/>
  <File Type="PWROPT-DRC" Name="video_out_test_drc_pwropted.rpt"/>
  <File Type="PWROPT-DCP" Name="video_out_test_pwropt.dcp"/>
  <File Type="OPT-HWDEF" Name="video_out_test.hwdef"/>
  <File Type="OPT-METHODOLOGY-DRC" Name="video_out_test_methodology_drc_opted.rpt"/>
  <File Type="OPT-DRC" Name="video_out_test_drc_opted.rpt"/>
  <File Type="OPT-DCP" Name="video_out_test_opt.dcp"/>
  <File Type="INIT-TIMING" Name="video_out_test_timing_summary_init.rpt"/>
  <File Type="PWROPT-TIMING" Name="video_out_test_timing_summary_pwropted.rpt"/>
  <File Type="REPORTS-TCL" Name="video_out_test_reports.tcl"/>
  <File Type="OPT-TIMING" Name="video_out_test_timing_summary_opted.rpt"/>
  <File Type="PA-TCL" Name="video_out_test.tcl"/>
  <FileSet Name="sources" Type="DesignSrcs" RelSrcDir="$PSRCDIR/sources_1">
    <Filter Type="Srcs"/>
    <File Path="$PSRCDIR/sources_1/imports/src/video_define.v">
      <FileInfo>
        <Attr Name="ImportPath" Val="$PPRDIR/src/video_define.v"/>
        <Attr Name="ImportTime" Val="1500957175"/>
        <Attr Name="UsedIn" Val="synthesis"/>
        <Attr Name="UsedIn" Val="implementation"/>
        <Attr Name="UsedIn" Val="simulation"/>
      </FileInfo>
    </File>
    <File Path="$PSRCDIR/sources_1/imports/src/color_bar.v">
      <FileInfo>
        <Attr Name="ImportPath" Val="$PPRDIR/src/color_bar.v"/>
        <Attr Name="ImportTime" Val="1500957175"/>
        <Attr Name="UsedIn" Val="synthesis"/>
        <Attr Name="UsedIn" Val="implementation"/>
        <Attr Name="UsedIn" Val="simulation"/>
      </FileInfo>
    </File>
    <File Path="$PPRDIR/src/i2c_master/i2c_config.v">
      <FileInfo>
        <Attr Name="UsedIn" Val="synthesis"/>
        <Attr Name="UsedIn" Val="implementation"/>
        <Attr Name="UsedIn" Val="simulation"/>
      </FileInfo>
    </File>
    <File Path="$PPRDIR/src/i2c_master/i2c_master_defines.v">
      <FileInfo>
        <Attr Name="UsedIn" Val="synthesis"/>
        <Attr Name="UsedIn" Val="implementation"/>
        <Attr Name="UsedIn" Val="simulation"/>
      </FileInfo>
    </File>
    <File Path="$PPRDIR/src/i2c_master/timescale.v">
      <FileInfo>
        <Attr Name="UsedIn" Val="synthesis"/>
        <Attr Name="UsedIn" Val="implementation"/>
        <Attr Name="UsedIn" Val="simulation"/>
      </FileInfo>
    </File>
    <File Path="$PPRDIR/src/i2c_master/i2c_master_bit_ctrl.v">
      <FileInfo>
        <Attr Name="UsedIn" Val="synthesis"/>
        <Attr Name="UsedIn" Val="implementation"/>
        <Attr Name="UsedIn" Val="simulation"/>
      </FileInfo>
    </File>
    <File Path="$PPRDIR/src/i2c_master/i2c_master_byte_ctrl.v">
      <FileInfo>
        <Attr Name="UsedIn" Val="synthesis"/>
        <Attr Name="UsedIn" Val="implementation"/>
        <Attr Name="UsedIn" Val="simulation"/>
      </FileInfo>
    </File>
    <File Path="$PPRDIR/src/i2c_master/i2c_master_top.v">
      <FileInfo>
        <Attr Name="UsedIn" Val="synthesis"/>
        <Attr Name="UsedIn" Val="implementation"/>
        <Attr Name="UsedIn" Val="simulation"/>
      </FileInfo>
    </File>
    <File Path="$PSRCDIR/sources_1/lut_hdmi.v">
      <FileInfo>
        <Attr Name="UsedIn" Val="synthesis"/>
        <Attr Name="UsedIn" Val="implementation"/>
        <Attr Name="UsedIn" Val="simulation"/>
      </FileInfo>
    </File>
    <File Path="$PSRCDIR/sources_1/imports/src/osd_display.v">
      <FileInfo>
        <Attr Name="UsedIn" Val="synthesis"/>
        <Attr Name="UsedIn" Val="implementation"/>
        <Attr Name="UsedIn" Val="simulation"/>
      </FileInfo>
    </File>
    <File Path="$PSRCDIR/sources_1/imports/src/timing_gen_xy.v">
      <FileInfo>
        <Attr Name="UsedIn" Val="synthesis"/>
        <Attr Name="UsedIn" Val="implementation"/>
        <Attr Name="UsedIn" Val="simulation"/>
      </FileInfo>
    </File>
    <File Path="$PPRDIR/src/video_out_test.v">
      <FileInfo>
        <Attr Name="UsedIn" Val="synthesis"/>
        <Attr Name="UsedIn" Val="implementation"/>
        <Attr Name="UsedIn" Val="simulation"/>
      </FileInfo>
    </File>
    <File Path="$PSRCDIR/sources_1/osd.coe">
      <FileInfo>
        <Attr Name="UsedIn" Val="synthesis"/>
        <Attr Name="UsedIn" Val="simulation"/>
      </FileInfo>
    </File>
    <Config>
      <Option Name="DesignMode" Val="RTL"/>
      <Option Name="TopModule" Val="video_out_test"/>
      <Option Name="TopAutoSet" Val="TRUE"/>
    </Config>
  </FileSet>
  <FileSet Name="constrs_in" Type="Constrs" RelSrcDir="$PSRCDIR/constrs_1">
    <Filter Type="Constrs"/>
    <File Path="$PSRCDIR/constrs_1/new/hdmi_out.xdc">
      <FileInfo>
        <Attr Name="UsedIn" Val="synthesis"/>
        <Attr Name="UsedIn" Val="implementation"/>
      </FileInfo>
    </File>
    <Config>
      <Option Name="TargetConstrsFile" Val="$PSRCDIR/constrs_1/new/hdmi_out.xdc"/>
      <Option Name="ConstrsType" Val="XDC"/>
    </Config>
  </FileSet>
  <FileSet Name="utils" Type="Utils" RelSrcDir="$PSRCDIR/utils_1">
    <Filter Type="Utils"/>
    <Config>
      <Option Name="TopAutoSet" Val="TRUE"/>
    </Config>
  </FileSet>
  <Strategy Version="1" Minor="2">
    <StratHandle Name="Vivado Implementation Defaults" Flow="Vivado Implementation 2015"/>
    <Step Id="init_design"/>
    <Step Id="opt_design"/>
    <Step Id="power_opt_design"/>
    <Step Id="place_design"/>
    <Step Id="post_place_power_opt_design"/>
    <Step Id="phys_opt_design"/>
    <Step Id="route_design"/>
    <Step Id="post_route_phys_opt_design"/>
    <Step Id="write_bitstream">
      <Option Id="BinFile">1</Option>
    </Step>
  </Strategy>
  <BlockFileSet Type="BlockSrcs" Name="sys_pll"/>
  <BlockFileSet Type="BlockSrcs" Name="osd_rom"/>
</GenRun>
