<?xml version="1.0" encoding="UTF-8"?>
<GenRun Id="ddr3_synth_1" LaunchPart="xc7a200tfbg484-2" LaunchTime="1677122870">
  <File Type="VDS-TIMINGSUMMARY" Name="ddr3_timing_summary_synth.rpt"/>
  <File Type="RDS-DCP" Name="ddr3.dcp"/>
  <File Type="RDS-UTIL-PB" Name="ddr3_utilization_synth.pb"/>
  <File Type="RDS-UTIL" Name="ddr3_utilization_synth.rpt"/>
  <File Type="VDS-TIMING-PB" Name="ddr3_timing_summary_synth.pb"/>
  <File Type="PA-TCL" Name="ddr3.tcl"/>
  <File Type="REPORTS-TCL" Name="ddr3_reports.tcl"/>
  <File Type="RDS-RDS" Name="ddr3.vds"/>
  <File Type="RDS-PROPCONSTRS" Name="ddr3_drc_synth.rpt"/>
  <FileSet Name="sources" Type="BlockSrcs" RelSrcDir="$PSRCDIR/ddr3">
    <File Path="$PSRCDIR/sources_1/ip/ddr3/ddr3.xci">
      <FileInfo>
        <Attr Name="ImportPath" Val="$PPRDIR/../ddr3_ov5640_an070_lcd/ddr3_ov5640_an070_lcd.srcs/sources_1/ip/ddr3/ddr3.xci"/>
        <Attr Name="ImportTime" Val="1505097022"/>
        <Attr Name="UsedIn" Val="synthesis"/>
        <Attr Name="UsedIn" Val="implementation"/>
        <Attr Name="UsedIn" Val="simulation"/>
      </FileInfo>
    </File>
    <Config>
      <Option Name="TopModule" Val="ddr3"/>
      <Option Name="UseBlackboxStub" Val="1"/>
    </Config>
  </FileSet>
  <FileSet Name="constrs_in" Type="BlockSrcs" RelSrcDir="$PSRCDIR/ddr3">
    <File Path="$PSRCDIR/sources_1/ip/ddr3/ddr3.xci">
      <FileInfo>
        <Attr Name="ImportPath" Val="$PPRDIR/../ddr3_ov5640_an070_lcd/ddr3_ov5640_an070_lcd.srcs/sources_1/ip/ddr3/ddr3.xci"/>
        <Attr Name="ImportTime" Val="1505097022"/>
        <Attr Name="UsedIn" Val="synthesis"/>
        <Attr Name="UsedIn" Val="implementation"/>
        <Attr Name="UsedIn" Val="simulation"/>
      </FileInfo>
    </File>
    <Config>
      <Option Name="TopModule" Val="ddr3"/>
      <Option Name="UseBlackboxStub" Val="1"/>
    </Config>
  </FileSet>
  <FileSet Name="utils" Type="Utils" RelSrcDir="$PSRCDIR/utils_1">
    <Filter Type="Utils"/>
    <Config>
      <Option Name="TopAutoSet" Val="TRUE"/>
    </Config>
  </FileSet>
  <Strategy Version="1" Minor="2">
    <StratHandle Name="Vivado Synthesis Defaults" Flow="Vivado Synthesis 2019">
      <Desc>Vivado Synthesis Defaults</Desc>
    </StratHandle>
    <Step Id="synth_design"/>
  </Strategy>
</GenRun>
