<?xml version="1.0" encoding="UTF-8" ?>
<webTalkData  fileName='usage_statistics_ext_labtool.xml'  majorVersion='1' minorVersion='0' timeStamp='Thu Sep 19 13:31:55 2019'>
<section name="__ROOT__" level="0" order="1" description="">
 <section name="software_version_and_target_device" level="1" order="1" description="">
  <keyValuePair key="beta" value="FALSE" description="" />
  <keyValuePair key="build_version" value="2552052" description="" />
  <keyValuePair key="date_generated" value="Thu Sep 19 13:31:54 2019" description="" />
  <keyValuePair key="os_platform" value="WIN64" description="" />
  <keyValuePair key="product_version" value="Vivado v2019.1 (64-bit)" description="" />
  <keyValuePair key="project_id" value="edca9aca-4d66-4fa0-a487-ddc897b47002" description="" />
  <keyValuePair key="project_iteration" value="1" description="" />
  <keyValuePair key="random_id" value="8cb91b94-1234-47b2-9f05-01cf20560837" description="" />
  <keyValuePair key="registration_id" value="8cb91b94-1234-47b2-9f05-01cf20560837" description="" />
  <keyValuePair key="route_design" value="FALSE" description="" />
  <keyValuePair key="target_device" value="not_applicable" description="" />
  <keyValuePair key="target_family" value="not_applicable" description="" />
  <keyValuePair key="target_package" value="not_applicable" description="" />
  <keyValuePair key="target_speed" value="not_applicable" description="" />
  <keyValuePair key="tool_flow" value="labtool" description="" />
 </section>
 <section name="user_environment" level="1" order="2" description="">
  <keyValuePair key="cpu_name" value="Intel(R) Core(TM) i5-7500 CPU @ 3.40GHz" description="" />
  <keyValuePair key="cpu_speed" value="3408 MHz" description="" />
  <keyValuePair key="os_name" value="Windows Server 2016 or Windows 10" description="" />
  <keyValuePair key="os_release" value="major release  (build 9200)" description="" />
  <keyValuePair key="system_ram" value="17.000 GB" description="" />
  <keyValuePair key="total_processors" value="1" description="" />
 </section>
 <section name="labtool" level="1" order="3" description="">
  <section name="usage" level="2" order="1" description="">
   <keyValuePair key="cable" value="Digilent/JTAG-HS1/10000000:" description="" />
   <keyValuePair key="chain" value="13631093" description="" />
   <keyValuePair key="pgmcnt" value="01:00:00" description="" />
  </section>
 </section>
 <section name="vivado_usage" level="1" order="4" description="">
 </section>
</section>
</webTalkData>
