<?xml version="1.0" encoding="UTF-8"?>
<GenRun Id="afifo_64i_16o_128_synth_1" LaunchPart="xc7a200tfbg484-2" LaunchTime="1677129211">
  <File Type="VDS-TIMINGSUMMARY" Name="afifo_64i_16o_128_timing_summary_synth.rpt"/>
  <File Type="RDS-DCP" Name="afifo_64i_16o_128.dcp"/>
  <File Type="RDS-UTIL-PB" Name="afifo_64i_16o_128_utilization_synth.pb"/>
  <File Type="RDS-UTIL" Name="afifo_64i_16o_128_utilization_synth.rpt"/>
  <File Type="VDS-TIMING-PB" Name="afifo_64i_16o_128_timing_summary_synth.pb"/>
  <File Type="PA-TCL" Name="afifo_64i_16o_128.tcl"/>
  <File Type="REPORTS-TCL" Name="afifo_64i_16o_128_reports.tcl"/>
  <File Type="RDS-RDS" Name="afifo_64i_16o_128.vds"/>
  <File Type="RDS-PROPCONSTRS" Name="afifo_64i_16o_128_drc_synth.rpt"/>
  <FileSet Name="sources" Type="BlockSrcs" RelSrcDir="$PSRCDIR/afifo_64i_16o_128">
    <File Path="$PSRCDIR/sources_1/ip/afifo_64i_16o_128/afifo_64i_16o_128.xci">
      <FileInfo>
        <Attr Name="ImportPath" Val="$PPRDIR/../ddr3_ov5640_an070_lcd/ddr3_ov5640_an070_lcd.srcs/sources_1/ip/afifo_64i_16o_128/afifo_64i_16o_128.xci"/>
        <Attr Name="ImportTime" Val="1505113083"/>
        <Attr Name="UsedIn" Val="synthesis"/>
        <Attr Name="UsedIn" Val="implementation"/>
        <Attr Name="UsedIn" Val="simulation"/>
      </FileInfo>
    </File>
    <Config>
      <Option Name="TopModule" Val="afifo_64i_16o_128"/>
      <Option Name="UseBlackboxStub" Val="1"/>
    </Config>
  </FileSet>
  <FileSet Name="constrs_in" Type="BlockSrcs" RelSrcDir="$PSRCDIR/afifo_64i_16o_128">
    <File Path="$PSRCDIR/sources_1/ip/afifo_64i_16o_128/afifo_64i_16o_128.xci">
      <FileInfo>
        <Attr Name="ImportPath" Val="$PPRDIR/../ddr3_ov5640_an070_lcd/ddr3_ov5640_an070_lcd.srcs/sources_1/ip/afifo_64i_16o_128/afifo_64i_16o_128.xci"/>
        <Attr Name="ImportTime" Val="1505113083"/>
        <Attr Name="UsedIn" Val="synthesis"/>
        <Attr Name="UsedIn" Val="implementation"/>
        <Attr Name="UsedIn" Val="simulation"/>
      </FileInfo>
    </File>
    <Config>
      <Option Name="TopModule" Val="afifo_64i_16o_128"/>
      <Option Name="UseBlackboxStub" Val="1"/>
    </Config>
  </FileSet>
  <FileSet Name="utils" Type="Utils" RelSrcDir="$PSRCDIR/utils_1">
    <Filter Type="Utils"/>
    <Config>
      <Option Name="TopAutoSet" Val="TRUE"/>
    </Config>
  </FileSet>
  <Strategy Version="1" Minor="2">
    <StratHandle Name="Vivado Synthesis Defaults" Flow="Vivado Synthesis 2019">
      <Desc>Vivado Synthesis Defaults</Desc>
    </StratHandle>
    <Step Id="synth_design"/>
  </Strategy>
</GenRun>
