<?xml version="1.0" encoding="UTF-8"?>
<GenRun Id="video_pll_synth_1" LaunchPart="xc7a200tfbg484-2" LaunchTime="1677212926">
  <File Type="VDS-TIMINGSUMMARY" Name="video_pll_timing_summary_synth.rpt"/>
  <File Type="RDS-DCP" Name="video_pll.dcp"/>
  <File Type="RDS-UTIL-PB" Name="video_pll_utilization_synth.pb"/>
  <File Type="RDS-UTIL" Name="video_pll_utilization_synth.rpt"/>
  <File Type="VDS-TIMING-PB" Name="video_pll_timing_summary_synth.pb"/>
  <File Type="PA-TCL" Name="video_pll.tcl"/>
  <File Type="REPORTS-TCL" Name="video_pll_reports.tcl"/>
  <File Type="RDS-RDS" Name="video_pll.vds"/>
  <File Type="RDS-PROPCONSTRS" Name="video_pll_drc_synth.rpt"/>
  <FileSet Name="sources" Type="BlockSrcs" RelSrcDir="$PSRCDIR/video_pll">
    <File Path="$PSRCDIR/sources_1/ip/video_pll/video_pll.xci">
      <FileInfo>
        <Attr Name="UsedIn" Val="synthesis"/>
        <Attr Name="UsedIn" Val="implementation"/>
        <Attr Name="UsedIn" Val="simulation"/>
      </FileInfo>
    </File>
    <Config>
      <Option Name="TopModule" Val="video_pll"/>
      <Option Name="UseBlackboxStub" Val="1"/>
    </Config>
  </FileSet>
  <FileSet Name="constrs_in" Type="BlockSrcs" RelSrcDir="$PSRCDIR/video_pll">
    <File Path="$PSRCDIR/sources_1/ip/video_pll/video_pll.xci">
      <FileInfo>
        <Attr Name="UsedIn" Val="synthesis"/>
        <Attr Name="UsedIn" Val="implementation"/>
        <Attr Name="UsedIn" Val="simulation"/>
      </FileInfo>
    </File>
    <Config>
      <Option Name="TopModule" Val="video_pll"/>
      <Option Name="UseBlackboxStub" Val="1"/>
    </Config>
  </FileSet>
  <FileSet Name="utils" Type="Utils" RelSrcDir="$PSRCDIR/utils_1">
    <Filter Type="Utils"/>
    <Config>
      <Option Name="TopAutoSet" Val="TRUE"/>
    </Config>
  </FileSet>
  <Strategy Version="1" Minor="2">
    <StratHandle Name="Vivado Synthesis Defaults" Flow="Vivado Synthesis 2019">
      <Desc>Vivado Synthesis Defaults</Desc>
    </StratHandle>
    <Step Id="synth_design"/>
  </Strategy>
</GenRun>
