<?xml version="1.0" encoding="UTF-8" ?>
<webTalkData  fileName='usage_statistics_webtalk.xml'  majorVersion='1' minorVersion='0' timeStamp='Thu Feb 23 14:02:11 2023'>
<section name="__ROOT__" level="0" order="1" description="">
 <section name="software_version_and_target_device" level="1" order="1" description="">
  <keyValuePair key="beta" value="FALSE" description="" />
  <keyValuePair key="build_version" value="2552052" description="" />
  <keyValuePair key="date_generated" value="Thu Feb 23 14:02:11 2023" description="" />
  <keyValuePair key="os_platform" value="LIN64" description="" />
  <keyValuePair key="product_version" value="Vivado v2019.1 (64-bit)" description="" />
  <keyValuePair key="project_id" value="bb04dde7639347be851499dff305e7b3" description="" />
  <keyValuePair key="project_iteration" value="3" description="" />
  <keyValuePair key="random_id" value="83c27e7e3a645e649f1afb806190f79a" description="" />
  <keyValuePair key="registration_id" value="83c27e7e3a645e649f1afb806190f79a" description="" />
  <keyValuePair key="route_design" value="TRUE" description="" />
  <keyValuePair key="target_device" value="xc7a200t" description="" />
  <keyValuePair key="target_family" value="artix7" description="" />
  <keyValuePair key="target_package" value="fbg484" description="" />
  <keyValuePair key="target_speed" value="-2" description="" />
  <keyValuePair key="tool_flow" value="Vivado" description="" />
 </section>
 <section name="user_environment" level="1" order="2" description="">
  <keyValuePair key="cpu_name" value="AMD Ryzen 9 5900X 12-Core Processor" description="" />
  <keyValuePair key="cpu_speed" value="2191.175 MHz" description="" />
  <keyValuePair key="os_name" value="Ubuntu" description="" />
  <keyValuePair key="os_release" value="Ubuntu 18.04.5 LTS" description="" />
  <keyValuePair key="system_ram" value="67.000 GB" description="" />
  <keyValuePair key="total_processors" value="2" description="" />
 </section>
 <section name="ip_statistics" level="1" order="3" description="">
  <section name="blk_mem_gen_v8_4_3/1" level="2" order="1" description="">
   <keyValuePair key="c_addra_width" value="11" description="" />
   <keyValuePair key="c_addrb_width" value="11" description="" />
   <keyValuePair key="c_algorithm" value="1" description="" />
   <keyValuePair key="c_axi_id_width" value="4" description="" />
   <keyValuePair key="c_axi_slave_type" value="0" description="" />
   <keyValuePair key="c_axi_type" value="1" description="" />
   <keyValuePair key="c_byte_size" value="9" description="" />
   <keyValuePair key="c_common_clk" value="0" description="" />
   <keyValuePair key="c_count_18k_bram" value="1" description="" />
   <keyValuePair key="c_count_36k_bram" value="0" description="" />
   <keyValuePair key="c_ctrl_ecc_algo" value="NONE" description="" />
   <keyValuePair key="c_default_data" value="0" description="" />
   <keyValuePair key="c_disable_warn_bhv_coll" value="0" description="" />
   <keyValuePair key="c_disable_warn_bhv_range" value="0" description="" />
   <keyValuePair key="c_elaboration_dir" value="./" description="" />
   <keyValuePair key="c_en_deepsleep_pin" value="0" description="" />
   <keyValuePair key="c_en_ecc_pipe" value="0" description="" />
   <keyValuePair key="c_en_rdaddra_chg" value="0" description="" />
   <keyValuePair key="c_en_rdaddrb_chg" value="0" description="" />
   <keyValuePair key="c_en_safety_ckt" value="0" description="" />
   <keyValuePair key="c_en_shutdown_pin" value="0" description="" />
   <keyValuePair key="c_en_sleep_pin" value="0" description="" />
   <keyValuePair key="c_enable_32bit_address" value="0" description="" />
   <keyValuePair key="c_est_power_summary" value="Estimated Power for IP     _     1.2196 mW" description="" />
   <keyValuePair key="c_family" value="artix7" description="" />
   <keyValuePair key="c_has_axi_id" value="0" description="" />
   <keyValuePair key="c_has_ena" value="1" description="" />
   <keyValuePair key="c_has_enb" value="0" description="" />
   <keyValuePair key="c_has_injecterr" value="0" description="" />
   <keyValuePair key="c_has_mem_output_regs_a" value="0" description="" />
   <keyValuePair key="c_has_mem_output_regs_b" value="0" description="" />
   <keyValuePair key="c_has_mux_output_regs_a" value="0" description="" />
   <keyValuePair key="c_has_mux_output_regs_b" value="0" description="" />
   <keyValuePair key="c_has_regcea" value="0" description="" />
   <keyValuePair key="c_has_regceb" value="0" description="" />
   <keyValuePair key="c_has_rsta" value="0" description="" />
   <keyValuePair key="c_has_rstb" value="0" description="" />
   <keyValuePair key="c_has_softecc_input_regs_a" value="0" description="" />
   <keyValuePair key="c_has_softecc_output_regs_b" value="0" description="" />
   <keyValuePair key="c_init_file" value="osd_rom.mem" description="" />
   <keyValuePair key="c_init_file_name" value="[user-defined]" description="" />
   <keyValuePair key="c_inita_val" value="0" description="" />
   <keyValuePair key="c_initb_val" value="0" description="" />
   <keyValuePair key="c_interface_type" value="0" description="" />
   <keyValuePair key="c_load_init_file" value="1" description="" />
   <keyValuePair key="c_mem_type" value="3" description="" />
   <keyValuePair key="c_mux_pipeline_stages" value="0" description="" />
   <keyValuePair key="c_prim_type" value="1" description="" />
   <keyValuePair key="c_read_depth_a" value="2048" description="" />
   <keyValuePair key="c_read_depth_b" value="2048" description="" />
   <keyValuePair key="c_read_latency_a" value="1" description="" />
   <keyValuePair key="c_read_latency_b" value="1" description="" />
   <keyValuePair key="c_read_width_a" value="8" description="" />
   <keyValuePair key="c_read_width_b" value="8" description="" />
   <keyValuePair key="c_rst_priority_a" value="CE" description="" />
   <keyValuePair key="c_rst_priority_b" value="CE" description="" />
   <keyValuePair key="c_rstram_a" value="0" description="" />
   <keyValuePair key="c_rstram_b" value="0" description="" />
   <keyValuePair key="c_sim_collision_check" value="ALL" description="" />
   <keyValuePair key="c_use_bram_block" value="0" description="" />
   <keyValuePair key="c_use_byte_wea" value="0" description="" />
   <keyValuePair key="c_use_byte_web" value="0" description="" />
   <keyValuePair key="c_use_default_data" value="0" description="" />
   <keyValuePair key="c_use_ecc" value="0" description="" />
   <keyValuePair key="c_use_softecc" value="0" description="" />
   <keyValuePair key="c_use_uram" value="0" description="" />
   <keyValuePair key="c_wea_width" value="1" description="" />
   <keyValuePair key="c_web_width" value="1" description="" />
   <keyValuePair key="c_write_depth_a" value="2048" description="" />
   <keyValuePair key="c_write_depth_b" value="2048" description="" />
   <keyValuePair key="c_write_mode_a" value="WRITE_FIRST" description="" />
   <keyValuePair key="c_write_mode_b" value="WRITE_FIRST" description="" />
   <keyValuePair key="c_write_width_a" value="8" description="" />
   <keyValuePair key="c_write_width_b" value="8" description="" />
   <keyValuePair key="c_xdevicefamily" value="artix7" description="" />
   <keyValuePair key="core_container" value="false" description="" />
   <keyValuePair key="iptotal" value="1" description="" />
   <keyValuePair key="x_ipcorerevision" value="3" description="" />
   <keyValuePair key="x_iplanguage" value="VERILOG" description="" />
   <keyValuePair key="x_iplibrary" value="ip" description="" />
   <keyValuePair key="x_ipname" value="blk_mem_gen" description="" />
   <keyValuePair key="x_ipproduct" value="Vivado 2019.1" description="" />
   <keyValuePair key="x_ipsimlanguage" value="MIXED" description="" />
   <keyValuePair key="x_ipvendor" value="xilinx.com" description="" />
   <keyValuePair key="x_ipversion" value="8.4" description="" />
  </section>
  <section name="clk_wiz_v6_0_3_0_0/1" level="2" order="2" description="">
   <keyValuePair key="clkin1_period" value="5.000" description="" />
   <keyValuePair key="clkin2_period" value="10.0" description="" />
   <keyValuePair key="clock_mgr_type" value="NA" description="" />
   <keyValuePair key="component_name" value="video_pll" description="" />
   <keyValuePair key="core_container" value="NA" description="" />
   <keyValuePair key="enable_axi" value="0" description="" />
   <keyValuePair key="feedback_source" value="FDBK_AUTO" description="" />
   <keyValuePair key="feedback_type" value="SINGLE" description="" />
   <keyValuePair key="iptotal" value="1" description="" />
   <keyValuePair key="manual_override" value="false" description="" />
   <keyValuePair key="num_out_clk" value="1" description="" />
   <keyValuePair key="primitive" value="MMCM" description="" />
   <keyValuePair key="use_dyn_phase_shift" value="false" description="" />
   <keyValuePair key="use_dyn_reconfig" value="false" description="" />
   <keyValuePair key="use_inclk_stopped" value="false" description="" />
   <keyValuePair key="use_inclk_switchover" value="false" description="" />
   <keyValuePair key="use_locked" value="true" description="" />
   <keyValuePair key="use_max_i_jitter" value="false" description="" />
   <keyValuePair key="use_min_o_jitter" value="false" description="" />
   <keyValuePair key="use_phase_alignment" value="true" description="" />
   <keyValuePair key="use_power_down" value="false" description="" />
   <keyValuePair key="use_reset" value="true" description="" />
  </section>
 </section>
 <section name="power_opt_design" level="1" order="4" description="">
  <section name="command_line_options_spo" level="2" order="1" description="">
   <keyValuePair key="-cell_types" value="default::all" description="" />
   <keyValuePair key="-clocks" value="default::[not_specified]" description="" />
   <keyValuePair key="-exclude_cells" value="default::[not_specified]" description="" />
   <keyValuePair key="-include_cells" value="default::[not_specified]" description="" />
  </section>
  <section name="usage" level="2" order="2" description="">
   <keyValuePair key="bram_ports_augmented" value="0" description="" />
   <keyValuePair key="bram_ports_newly_gated" value="1" description="" />
   <keyValuePair key="bram_ports_total" value="2" description="" />
   <keyValuePair key="flow_state" value="default" description="" />
   <keyValuePair key="slice_registers_augmented" value="0" description="" />
   <keyValuePair key="slice_registers_newly_gated" value="0" description="" />
   <keyValuePair key="slice_registers_total" value="155" description="" />
   <keyValuePair key="srls_augmented" value="0" description="" />
   <keyValuePair key="srls_newly_gated" value="0" description="" />
   <keyValuePair key="srls_total" value="0" description="" />
  </section>
 </section>
 <section name="report_drc" level="1" order="5" description="">
  <section name="command_line_options" level="2" order="1" description="">
   <keyValuePair key="-append" value="default::[not_specified]" description="" />
   <keyValuePair key="-checks" value="default::[not_specified]" description="" />
   <keyValuePair key="-fail_on" value="default::[not_specified]" description="" />
   <keyValuePair key="-force" value="default::[not_specified]" description="" />
   <keyValuePair key="-format" value="default::[not_specified]" description="" />
   <keyValuePair key="-internal" value="default::[not_specified]" description="" />
   <keyValuePair key="-internal_only" value="default::[not_specified]" description="" />
   <keyValuePair key="-messages" value="default::[not_specified]" description="" />
   <keyValuePair key="-name" value="default::[not_specified]" description="" />
   <keyValuePair key="-no_waivers" value="default::[not_specified]" description="" />
   <keyValuePair key="-return_string" value="default::[not_specified]" description="" />
   <keyValuePair key="-ruledecks" value="default::[not_specified]" description="" />
   <keyValuePair key="-upgrade_cw" value="default::[not_specified]" description="" />
   <keyValuePair key="-waived" value="default::[not_specified]" description="" />
  </section>
 </section>
 <section name="report_methodology" level="1" order="6" description="">
  <section name="command_line_options" level="2" order="1" description="">
   <keyValuePair key="-append" value="default::[not_specified]" description="" />
   <keyValuePair key="-checks" value="default::[not_specified]" description="" />
   <keyValuePair key="-fail_on" value="default::[not_specified]" description="" />
   <keyValuePair key="-force" value="default::[not_specified]" description="" />
   <keyValuePair key="-format" value="default::[not_specified]" description="" />
   <keyValuePair key="-messages" value="default::[not_specified]" description="" />
   <keyValuePair key="-name" value="default::[not_specified]" description="" />
   <keyValuePair key="-return_string" value="default::[not_specified]" description="" />
   <keyValuePair key="-slack_lesser_than" value="default::[not_specified]" description="" />
   <keyValuePair key="-waived" value="default::[not_specified]" description="" />
  </section>
  <section name="results" level="2" order="2" description="">
   <keyValuePair key="lutar-1" value="1" description="" />
   <keyValuePair key="timing-18" value="2" description="" />
  </section>
 </section>
 <section name="report_power" level="1" order="7" description="">
  <section name="command_line_options" level="2" order="1" description="">
   <keyValuePair key="-advisory" value="default::[not_specified]" description="" />
   <keyValuePair key="-append" value="default::[not_specified]" description="" />
   <keyValuePair key="-file" value="[specified]" description="" />
   <keyValuePair key="-format" value="default::text" description="" />
   <keyValuePair key="-hier" value="default::power" description="" />
   <keyValuePair key="-hierarchical_depth" value="default::4" description="" />
   <keyValuePair key="-l" value="default::[not_specified]" description="" />
   <keyValuePair key="-name" value="default::[not_specified]" description="" />
   <keyValuePair key="-no_propagation" value="default::[not_specified]" description="" />
   <keyValuePair key="-return_string" value="default::[not_specified]" description="" />
   <keyValuePair key="-rpx" value="[specified]" description="" />
   <keyValuePair key="-verbose" value="default::[not_specified]" description="" />
   <keyValuePair key="-vid" value="default::[not_specified]" description="" />
   <keyValuePair key="-xpe" value="default::[not_specified]" description="" />
  </section>
  <section name="usage" level="2" order="2" description="">
   <keyValuePair key="airflow" value="250 (LFM)" description="" />
   <keyValuePair key="ambient_temp" value="25.0 (C)" description="" />
   <keyValuePair key="bi-dir_toggle" value="12.500000" description="" />
   <keyValuePair key="bidir_output_enable" value="1.000000" description="" />
   <keyValuePair key="board_layers" value="12to15 (12 to 15 Layers)" description="" />
   <keyValuePair key="board_selection" value="medium (10&quot;x10&quot;)" description="" />
   <keyValuePair key="bram" value="0.000000" description="" />
   <keyValuePair key="clocks" value="0.003480" description="" />
   <keyValuePair key="confidence_level_clock_activity" value="High" description="" />
   <keyValuePair key="confidence_level_design_state" value="High" description="" />
   <keyValuePair key="confidence_level_device_models" value="High" description="" />
   <keyValuePair key="confidence_level_internal_activity" value="Medium" description="" />
   <keyValuePair key="confidence_level_io_activity" value="Medium" description="" />
   <keyValuePair key="confidence_level_overall" value="Medium" description="" />
   <keyValuePair key="customer" value="TBD" description="" />
   <keyValuePair key="customer_class" value="TBD" description="" />
   <keyValuePair key="devstatic" value="0.138818" description="" />
   <keyValuePair key="die" value="xc7a200tfbg484-2" description="" />
   <keyValuePair key="dsp_output_toggle" value="12.500000" description="" />
   <keyValuePair key="dynamic" value="0.131738" description="" />
   <keyValuePair key="effective_thetaja" value="2.5" description="" />
   <keyValuePair key="enable_probability" value="0.990000" description="" />
   <keyValuePair key="family" value="artix7" description="" />
   <keyValuePair key="ff_toggle" value="12.500000" description="" />
   <keyValuePair key="flow_state" value="routed" description="" />
   <keyValuePair key="heatsink" value="medium (Medium Profile)" description="" />
   <keyValuePair key="i/o" value="0.006832" description="" />
   <keyValuePair key="input_toggle" value="12.500000" description="" />
   <keyValuePair key="junction_temp" value="25.7 (C)" description="" />
   <keyValuePair key="logic" value="0.000359" description="" />
   <keyValuePair key="mgtavcc_dynamic_current" value="0.000000" description="" />
   <keyValuePair key="mgtavcc_static_current" value="0.000000" description="" />
   <keyValuePair key="mgtavcc_total_current" value="0.000000" description="" />
   <keyValuePair key="mgtavcc_voltage" value="1.000000" description="" />
   <keyValuePair key="mgtavtt_dynamic_current" value="0.000000" description="" />
   <keyValuePair key="mgtavtt_static_current" value="0.000000" description="" />
   <keyValuePair key="mgtavtt_total_current" value="0.000000" description="" />
   <keyValuePair key="mgtavtt_voltage" value="1.200000" description="" />
   <keyValuePair key="mmcm" value="0.120764" description="" />
   <keyValuePair key="netlist_net_matched" value="NA" description="" />
   <keyValuePair key="off-chip_power" value="0.000000" description="" />
   <keyValuePair key="on-chip_power" value="0.270556" description="" />
   <keyValuePair key="output_enable" value="1.000000" description="" />
   <keyValuePair key="output_load" value="5.000000" description="" />
   <keyValuePair key="output_toggle" value="12.500000" description="" />
   <keyValuePair key="package" value="fbg484" description="" />
   <keyValuePair key="pct_clock_constrained" value="0.400000" description="" />
   <keyValuePair key="pct_inputs_defined" value="50" description="" />
   <keyValuePair key="platform" value="lin64" description="" />
   <keyValuePair key="process" value="typical" description="" />
   <keyValuePair key="ram_enable" value="50.000000" description="" />
   <keyValuePair key="ram_write" value="50.000000" description="" />
   <keyValuePair key="read_saif" value="False" description="" />
   <keyValuePair key="set/reset_probability" value="0.000000" description="" />
   <keyValuePair key="signal_rate" value="False" description="" />
   <keyValuePair key="signals" value="0.000303" description="" />
   <keyValuePair key="simulation_file" value="None" description="" />
   <keyValuePair key="speedgrade" value="-2" description="" />
   <keyValuePair key="static_prob" value="False" description="" />
   <keyValuePair key="temp_grade" value="commercial" description="" />
   <keyValuePair key="thetajb" value="4.8 (C/W)" description="" />
   <keyValuePair key="thetasa" value="4.2 (C/W)" description="" />
   <keyValuePair key="toggle_rate" value="False" description="" />
   <keyValuePair key="user_board_temp" value="25.0 (C)" description="" />
   <keyValuePair key="user_effective_thetaja" value="2.5" description="" />
   <keyValuePair key="user_junc_temp" value="25.7 (C)" description="" />
   <keyValuePair key="user_thetajb" value="4.8 (C/W)" description="" />
   <keyValuePair key="user_thetasa" value="4.2 (C/W)" description="" />
   <keyValuePair key="vccadc_dynamic_current" value="0.000000" description="" />
   <keyValuePair key="vccadc_static_current" value="0.020000" description="" />
   <keyValuePair key="vccadc_total_current" value="0.020000" description="" />
   <keyValuePair key="vccadc_voltage" value="1.800000" description="" />
   <keyValuePair key="vccaux_dynamic_current" value="0.067329" description="" />
   <keyValuePair key="vccaux_io_dynamic_current" value="0.000000" description="" />
   <keyValuePair key="vccaux_io_static_current" value="0.000000" description="" />
   <keyValuePair key="vccaux_io_total_current" value="0.000000" description="" />
   <keyValuePair key="vccaux_io_voltage" value="1.800000" description="" />
   <keyValuePair key="vccaux_static_current" value="0.030539" description="" />
   <keyValuePair key="vccaux_total_current" value="0.097868" description="" />
   <keyValuePair key="vccaux_voltage" value="1.800000" description="" />
   <keyValuePair key="vccbram_dynamic_current" value="0.000000" description="" />
   <keyValuePair key="vccbram_static_current" value="0.000744" description="" />
   <keyValuePair key="vccbram_total_current" value="0.000744" description="" />
   <keyValuePair key="vccbram_voltage" value="1.000000" description="" />
   <keyValuePair key="vccint_dynamic_current" value="0.004774" description="" />
   <keyValuePair key="vccint_static_current" value="0.030603" description="" />
   <keyValuePair key="vccint_total_current" value="0.035377" description="" />
   <keyValuePair key="vccint_voltage" value="1.000000" description="" />
   <keyValuePair key="vcco12_dynamic_current" value="0.000000" description="" />
   <keyValuePair key="vcco12_static_current" value="0.000000" description="" />
   <keyValuePair key="vcco12_total_current" value="0.000000" description="" />
   <keyValuePair key="vcco12_voltage" value="1.200000" description="" />
   <keyValuePair key="vcco135_dynamic_current" value="0.000000" description="" />
   <keyValuePair key="vcco135_static_current" value="0.000000" description="" />
   <keyValuePair key="vcco135_total_current" value="0.000000" description="" />
   <keyValuePair key="vcco135_voltage" value="1.350000" description="" />
   <keyValuePair key="vcco15_dynamic_current" value="0.000000" description="" />
   <keyValuePair key="vcco15_static_current" value="0.000000" description="" />
   <keyValuePair key="vcco15_total_current" value="0.000000" description="" />
   <keyValuePair key="vcco15_voltage" value="1.500000" description="" />
   <keyValuePair key="vcco18_dynamic_current" value="0.000000" description="" />
   <keyValuePair key="vcco18_static_current" value="0.000000" description="" />
   <keyValuePair key="vcco18_total_current" value="0.000000" description="" />
   <keyValuePair key="vcco18_voltage" value="1.800000" description="" />
   <keyValuePair key="vcco25_dynamic_current" value="0.000000" description="" />
   <keyValuePair key="vcco25_static_current" value="0.000000" description="" />
   <keyValuePair key="vcco25_total_current" value="0.000000" description="" />
   <keyValuePair key="vcco25_voltage" value="2.500000" description="" />
   <keyValuePair key="vcco33_dynamic_current" value="0.001749" description="" />
   <keyValuePair key="vcco33_static_current" value="0.005000" description="" />
   <keyValuePair key="vcco33_total_current" value="0.006749" description="" />
   <keyValuePair key="vcco33_voltage" value="3.300000" description="" />
   <keyValuePair key="version" value="2019.1" description="" />
  </section>
 </section>
 <section name="report_utilization" level="1" order="8" description="">
  <section name="clocking" level="2" order="1" description="">
   <keyValuePair key="bufgctrl_available" value="32" description="" />
   <keyValuePair key="bufgctrl_fixed" value="0" description="" />
   <keyValuePair key="bufgctrl_used" value="3" description="" />
   <keyValuePair key="bufgctrl_util_percentage" value="9.38" description="" />
   <keyValuePair key="bufhce_available" value="120" description="" />
   <keyValuePair key="bufhce_fixed" value="0" description="" />
   <keyValuePair key="bufhce_used" value="0" description="" />
   <keyValuePair key="bufhce_util_percentage" value="0.00" description="" />
   <keyValuePair key="bufio_available" value="40" description="" />
   <keyValuePair key="bufio_fixed" value="0" description="" />
   <keyValuePair key="bufio_used" value="0" description="" />
   <keyValuePair key="bufio_util_percentage" value="0.00" description="" />
   <keyValuePair key="bufmrce_available" value="20" description="" />
   <keyValuePair key="bufmrce_fixed" value="0" description="" />
   <keyValuePair key="bufmrce_used" value="0" description="" />
   <keyValuePair key="bufmrce_util_percentage" value="0.00" description="" />
   <keyValuePair key="bufr_available" value="40" description="" />
   <keyValuePair key="bufr_fixed" value="0" description="" />
   <keyValuePair key="bufr_used" value="0" description="" />
   <keyValuePair key="bufr_util_percentage" value="0.00" description="" />
   <keyValuePair key="mmcme2_adv_available" value="10" description="" />
   <keyValuePair key="mmcme2_adv_fixed" value="0" description="" />
   <keyValuePair key="mmcme2_adv_used" value="1" description="" />
   <keyValuePair key="mmcme2_adv_util_percentage" value="10.00" description="" />
   <keyValuePair key="plle2_adv_available" value="10" description="" />
   <keyValuePair key="plle2_adv_fixed" value="0" description="" />
   <keyValuePair key="plle2_adv_used" value="0" description="" />
   <keyValuePair key="plle2_adv_util_percentage" value="0.00" description="" />
  </section>
  <section name="dsp" level="2" order="2" description="">
   <keyValuePair key="dsps_available" value="740" description="" />
   <keyValuePair key="dsps_fixed" value="0" description="" />
   <keyValuePair key="dsps_used" value="0" description="" />
   <keyValuePair key="dsps_util_percentage" value="0.00" description="" />
  </section>
  <section name="io_standard" level="2" order="3" description="">
   <keyValuePair key="blvds_25" value="0" description="" />
   <keyValuePair key="diff_hstl_i" value="0" description="" />
   <keyValuePair key="diff_hstl_i_18" value="0" description="" />
   <keyValuePair key="diff_hstl_ii" value="0" description="" />
   <keyValuePair key="diff_hstl_ii_18" value="0" description="" />
   <keyValuePair key="diff_hsul_12" value="0" description="" />
   <keyValuePair key="diff_mobile_ddr" value="0" description="" />
   <keyValuePair key="diff_sstl135" value="0" description="" />
   <keyValuePair key="diff_sstl135_r" value="0" description="" />
   <keyValuePair key="diff_sstl15" value="1" description="" />
   <keyValuePair key="diff_sstl15_r" value="0" description="" />
   <keyValuePair key="diff_sstl18_i" value="0" description="" />
   <keyValuePair key="diff_sstl18_ii" value="0" description="" />
   <keyValuePair key="hstl_i" value="0" description="" />
   <keyValuePair key="hstl_i_18" value="0" description="" />
   <keyValuePair key="hstl_ii" value="0" description="" />
   <keyValuePair key="hstl_ii_18" value="0" description="" />
   <keyValuePair key="hsul_12" value="0" description="" />
   <keyValuePair key="lvcmos12" value="0" description="" />
   <keyValuePair key="lvcmos15" value="1" description="" />
   <keyValuePair key="lvcmos18" value="0" description="" />
   <keyValuePair key="lvcmos25" value="0" description="" />
   <keyValuePair key="lvcmos33" value="1" description="" />
   <keyValuePair key="lvds_25" value="0" description="" />
   <keyValuePair key="lvttl" value="0" description="" />
   <keyValuePair key="mini_lvds_25" value="0" description="" />
   <keyValuePair key="mobile_ddr" value="0" description="" />
   <keyValuePair key="pci33_3" value="0" description="" />
   <keyValuePair key="ppds_25" value="0" description="" />
   <keyValuePair key="rsds_25" value="0" description="" />
   <keyValuePair key="sstl135" value="0" description="" />
   <keyValuePair key="sstl135_r" value="0" description="" />
   <keyValuePair key="sstl15" value="0" description="" />
   <keyValuePair key="sstl15_r" value="0" description="" />
   <keyValuePair key="sstl18_i" value="0" description="" />
   <keyValuePair key="sstl18_ii" value="0" description="" />
   <keyValuePair key="tmds_33" value="0" description="" />
  </section>
  <section name="memory" level="2" order="4" description="">
   <keyValuePair key="block_ram_tile_available" value="365" description="" />
   <keyValuePair key="block_ram_tile_fixed" value="0" description="" />
   <keyValuePair key="block_ram_tile_used" value="0.5" description="" />
   <keyValuePair key="block_ram_tile_util_percentage" value="0.14" description="" />
   <keyValuePair key="ramb18_available" value="730" description="" />
   <keyValuePair key="ramb18_fixed" value="0" description="" />
   <keyValuePair key="ramb18_used" value="1" description="" />
   <keyValuePair key="ramb18_util_percentage" value="0.14" description="" />
   <keyValuePair key="ramb18e1_only_used" value="1" description="" />
   <keyValuePair key="ramb36_fifo_available" value="365" description="" />
   <keyValuePair key="ramb36_fifo_fixed" value="0" description="" />
   <keyValuePair key="ramb36_fifo_used" value="0" description="" />
   <keyValuePair key="ramb36_fifo_util_percentage" value="0.00" description="" />
  </section>
  <section name="primitives" level="2" order="5" description="">
   <keyValuePair key="bufg_functional_category" value="Clock" description="" />
   <keyValuePair key="bufg_used" value="3" description="" />
   <keyValuePair key="carry4_functional_category" value="CarryLogic" description="" />
   <keyValuePair key="carry4_used" value="29" description="" />
   <keyValuePair key="fdce_functional_category" value="Flop &amp; Latch" description="" />
   <keyValuePair key="fdce_used" value="96" description="" />
   <keyValuePair key="fdre_functional_category" value="Flop &amp; Latch" description="" />
   <keyValuePair key="fdre_used" value="51" description="" />
   <keyValuePair key="fdse_functional_category" value="Flop &amp; Latch" description="" />
   <keyValuePair key="fdse_used" value="8" description="" />
   <keyValuePair key="ibuf_functional_category" value="IO" description="" />
   <keyValuePair key="ibuf_used" value="1" description="" />
   <keyValuePair key="ibufds_functional_category" value="IO" description="" />
   <keyValuePair key="ibufds_used" value="1" description="" />
   <keyValuePair key="lut1_functional_category" value="LUT" description="" />
   <keyValuePair key="lut1_used" value="10" description="" />
   <keyValuePair key="lut2_functional_category" value="LUT" description="" />
   <keyValuePair key="lut2_used" value="53" description="" />
   <keyValuePair key="lut3_functional_category" value="LUT" description="" />
   <keyValuePair key="lut3_used" value="26" description="" />
   <keyValuePair key="lut4_functional_category" value="LUT" description="" />
   <keyValuePair key="lut4_used" value="19" description="" />
   <keyValuePair key="lut5_functional_category" value="LUT" description="" />
   <keyValuePair key="lut5_used" value="11" description="" />
   <keyValuePair key="lut6_functional_category" value="LUT" description="" />
   <keyValuePair key="lut6_used" value="13" description="" />
   <keyValuePair key="mmcme2_adv_functional_category" value="Clock" description="" />
   <keyValuePair key="mmcme2_adv_used" value="1" description="" />
   <keyValuePair key="obuf_functional_category" value="IO" description="" />
   <keyValuePair key="obuf_used" value="29" description="" />
   <keyValuePair key="ramb18e1_functional_category" value="Block Memory" description="" />
   <keyValuePair key="ramb18e1_used" value="1" description="" />
  </section>
  <section name="slice_logic" level="2" order="6" description="">
   <keyValuePair key="f7_muxes_available" value="66900" description="" />
   <keyValuePair key="f7_muxes_fixed" value="0" description="" />
   <keyValuePair key="f7_muxes_used" value="0" description="" />
   <keyValuePair key="f7_muxes_util_percentage" value="0.00" description="" />
   <keyValuePair key="f8_muxes_available" value="33450" description="" />
   <keyValuePair key="f8_muxes_fixed" value="0" description="" />
   <keyValuePair key="f8_muxes_used" value="0" description="" />
   <keyValuePair key="f8_muxes_util_percentage" value="0.00" description="" />
   <keyValuePair key="lut_as_distributed_ram_fixed" value="0" description="" />
   <keyValuePair key="lut_as_distributed_ram_used" value="0" description="" />
   <keyValuePair key="lut_as_logic_available" value="133800" description="" />
   <keyValuePair key="lut_as_logic_available" value="133800" description="" />
   <keyValuePair key="lut_as_logic_fixed" value="0" description="" />
   <keyValuePair key="lut_as_logic_fixed" value="0" description="" />
   <keyValuePair key="lut_as_logic_used" value="102" description="" />
   <keyValuePair key="lut_as_logic_used" value="102" description="" />
   <keyValuePair key="lut_as_logic_util_percentage" value="0.08" description="" />
   <keyValuePair key="lut_as_logic_util_percentage" value="0.08" description="" />
   <keyValuePair key="lut_as_memory_available" value="46200" description="" />
   <keyValuePair key="lut_as_memory_available" value="46200" description="" />
   <keyValuePair key="lut_as_memory_fixed" value="0" description="" />
   <keyValuePair key="lut_as_memory_fixed" value="0" description="" />
   <keyValuePair key="lut_as_memory_used" value="0" description="" />
   <keyValuePair key="lut_as_memory_used" value="0" description="" />
   <keyValuePair key="lut_as_memory_util_percentage" value="0.00" description="" />
   <keyValuePair key="lut_as_memory_util_percentage" value="0.00" description="" />
   <keyValuePair key="lut_as_shift_register_fixed" value="0" description="" />
   <keyValuePair key="lut_as_shift_register_used" value="0" description="" />
   <keyValuePair key="lut_in_front_of_the_register_is_unused_fixed" value="0" description="" />
   <keyValuePair key="lut_in_front_of_the_register_is_unused_used" value="37" description="" />
   <keyValuePair key="lut_in_front_of_the_register_is_used_fixed" value="37" description="" />
   <keyValuePair key="lut_in_front_of_the_register_is_used_used" value="9" description="" />
   <keyValuePair key="register_as_flip_flop_available" value="267600" description="" />
   <keyValuePair key="register_as_flip_flop_fixed" value="0" description="" />
   <keyValuePair key="register_as_flip_flop_used" value="155" description="" />
   <keyValuePair key="register_as_flip_flop_util_percentage" value="0.06" description="" />
   <keyValuePair key="register_as_latch_available" value="267600" description="" />
   <keyValuePair key="register_as_latch_fixed" value="0" description="" />
   <keyValuePair key="register_as_latch_used" value="0" description="" />
   <keyValuePair key="register_as_latch_util_percentage" value="0.00" description="" />
   <keyValuePair key="register_driven_from_outside_the_slice_fixed" value="9" description="" />
   <keyValuePair key="register_driven_from_outside_the_slice_used" value="46" description="" />
   <keyValuePair key="register_driven_from_within_the_slice_fixed" value="46" description="" />
   <keyValuePair key="register_driven_from_within_the_slice_used" value="109" description="" />
   <keyValuePair key="slice_available" value="33450" description="" />
   <keyValuePair key="slice_fixed" value="0" description="" />
   <keyValuePair key="slice_luts_available" value="133800" description="" />
   <keyValuePair key="slice_luts_fixed" value="0" description="" />
   <keyValuePair key="slice_luts_used" value="102" description="" />
   <keyValuePair key="slice_luts_util_percentage" value="0.08" description="" />
   <keyValuePair key="slice_registers_available" value="267600" description="" />
   <keyValuePair key="slice_registers_available" value="267600" description="" />
   <keyValuePair key="slice_registers_fixed" value="0" description="" />
   <keyValuePair key="slice_registers_fixed" value="0" description="" />
   <keyValuePair key="slice_registers_used" value="155" description="" />
   <keyValuePair key="slice_registers_used" value="155" description="" />
   <keyValuePair key="slice_registers_util_percentage" value="0.06" description="" />
   <keyValuePair key="slice_registers_util_percentage" value="0.06" description="" />
   <keyValuePair key="slice_used" value="74" description="" />
   <keyValuePair key="slice_util_percentage" value="0.22" description="" />
   <keyValuePair key="slicel_fixed" value="0" description="" />
   <keyValuePair key="slicel_used" value="48" description="" />
   <keyValuePair key="slicem_fixed" value="0" description="" />
   <keyValuePair key="slicem_used" value="26" description="" />
   <keyValuePair key="unique_control_sets_available" value="33450" description="" />
   <keyValuePair key="unique_control_sets_fixed" value="33450" description="" />
   <keyValuePair key="unique_control_sets_used" value="9" description="" />
   <keyValuePair key="unique_control_sets_util_percentage" value="0.03" description="" />
   <keyValuePair key="using_o5_and_o6_fixed" value="0.03" description="" />
   <keyValuePair key="using_o5_and_o6_used" value="30" description="" />
   <keyValuePair key="using_o5_output_only_fixed" value="30" description="" />
   <keyValuePair key="using_o5_output_only_used" value="0" description="" />
   <keyValuePair key="using_o6_output_only_fixed" value="0" description="" />
   <keyValuePair key="using_o6_output_only_used" value="72" description="" />
  </section>
  <section name="specific_feature" level="2" order="7" description="">
   <keyValuePair key="bscane2_available" value="4" description="" />
   <keyValuePair key="bscane2_fixed" value="0" description="" />
   <keyValuePair key="bscane2_used" value="0" description="" />
   <keyValuePair key="bscane2_util_percentage" value="0.00" description="" />
   <keyValuePair key="capturee2_available" value="1" description="" />
   <keyValuePair key="capturee2_fixed" value="0" description="" />
   <keyValuePair key="capturee2_used" value="0" description="" />
   <keyValuePair key="capturee2_util_percentage" value="0.00" description="" />
   <keyValuePair key="dna_port_available" value="1" description="" />
   <keyValuePair key="dna_port_fixed" value="0" description="" />
   <keyValuePair key="dna_port_used" value="0" description="" />
   <keyValuePair key="dna_port_util_percentage" value="0.00" description="" />
   <keyValuePair key="efuse_usr_available" value="1" description="" />
   <keyValuePair key="efuse_usr_fixed" value="0" description="" />
   <keyValuePair key="efuse_usr_used" value="0" description="" />
   <keyValuePair key="efuse_usr_util_percentage" value="0.00" description="" />
   <keyValuePair key="frame_ecce2_available" value="1" description="" />
   <keyValuePair key="frame_ecce2_fixed" value="0" description="" />
   <keyValuePair key="frame_ecce2_used" value="0" description="" />
   <keyValuePair key="frame_ecce2_util_percentage" value="0.00" description="" />
   <keyValuePair key="icape2_available" value="2" description="" />
   <keyValuePair key="icape2_fixed" value="0" description="" />
   <keyValuePair key="icape2_used" value="0" description="" />
   <keyValuePair key="icape2_util_percentage" value="0.00" description="" />
   <keyValuePair key="pcie_2_1_available" value="1" description="" />
   <keyValuePair key="pcie_2_1_fixed" value="0" description="" />
   <keyValuePair key="pcie_2_1_used" value="0" description="" />
   <keyValuePair key="pcie_2_1_util_percentage" value="0.00" description="" />
   <keyValuePair key="startupe2_available" value="1" description="" />
   <keyValuePair key="startupe2_fixed" value="0" description="" />
   <keyValuePair key="startupe2_used" value="0" description="" />
   <keyValuePair key="startupe2_util_percentage" value="0.00" description="" />
   <keyValuePair key="xadc_available" value="1" description="" />
   <keyValuePair key="xadc_fixed" value="0" description="" />
   <keyValuePair key="xadc_used" value="0" description="" />
   <keyValuePair key="xadc_util_percentage" value="0.00" description="" />
  </section>
 </section>
 <section name="synthesis" level="1" order="9" description="">
  <section name="command_line_options" level="2" order="1" description="">
   <keyValuePair key="-assert" value="default::[not_specified]" description="" />
   <keyValuePair key="-bufg" value="default::12" description="" />
   <keyValuePair key="-cascade_dsp" value="default::auto" description="" />
   <keyValuePair key="-constrset" value="default::[not_specified]" description="" />
   <keyValuePair key="-control_set_opt_threshold" value="default::auto" description="" />
   <keyValuePair key="-directive" value="default::default" description="" />
   <keyValuePair key="-fanout_limit" value="default::10000" description="" />
   <keyValuePair key="-flatten_hierarchy" value="default::rebuilt" description="" />
   <keyValuePair key="-fsm_extraction" value="default::auto" description="" />
   <keyValuePair key="-gated_clock_conversion" value="default::off" description="" />
   <keyValuePair key="-generic" value="default::[not_specified]" description="" />
   <keyValuePair key="-include_dirs" value="default::[not_specified]" description="" />
   <keyValuePair key="-keep_equivalent_registers" value="default::[not_specified]" description="" />
   <keyValuePair key="-max_bram" value="default::-1" description="" />
   <keyValuePair key="-max_bram_cascade_height" value="default::-1" description="" />
   <keyValuePair key="-max_dsp" value="default::-1" description="" />
   <keyValuePair key="-max_uram" value="default::-1" description="" />
   <keyValuePair key="-max_uram_cascade_height" value="default::-1" description="" />
   <keyValuePair key="-mode" value="default::default" description="" />
   <keyValuePair key="-name" value="default::[not_specified]" description="" />
   <keyValuePair key="-no_lc" value="default::[not_specified]" description="" />
   <keyValuePair key="-no_srlextract" value="default::[not_specified]" description="" />
   <keyValuePair key="-no_timing_driven" value="default::[not_specified]" description="" />
   <keyValuePair key="-part" value="xc7a200tfbg484-2" description="" />
   <keyValuePair key="-resource_sharing" value="default::auto" description="" />
   <keyValuePair key="-retiming" value="default::[not_specified]" description="" />
   <keyValuePair key="-rtl" value="default::[not_specified]" description="" />
   <keyValuePair key="-rtl_skip_constraints" value="default::[not_specified]" description="" />
   <keyValuePair key="-rtl_skip_ip" value="default::[not_specified]" description="" />
   <keyValuePair key="-seu_protect" value="default::none" description="" />
   <keyValuePair key="-sfcu" value="default::[not_specified]" description="" />
   <keyValuePair key="-shreg_min_size" value="default::3" description="" />
   <keyValuePair key="-top" value="top" description="" />
   <keyValuePair key="-verilog_define" value="default::[not_specified]" description="" />
  </section>
  <section name="usage" level="2" order="2" description="">
   <keyValuePair key="elapsed" value="00:00:10s" description="" />
   <keyValuePair key="hls_ip" value="0" description="" />
   <keyValuePair key="memory_gain" value="616.812MB" description="" />
   <keyValuePair key="memory_peak" value="2017.336MB" description="" />
  </section>
 </section>
 <section name="unisim_transformation" level="1" order="10" description="">
  <section name="post_unisim_transformation" level="2" order="1" description="">
   <keyValuePair key="bufg" value="3" description="" />
   <keyValuePair key="carry4" value="29" description="" />
   <keyValuePair key="fdce" value="96" description="" />
   <keyValuePair key="fdre" value="35" description="" />
   <keyValuePair key="fdse" value="1" description="" />
   <keyValuePair key="gnd" value="9" description="" />
   <keyValuePair key="ibuf" value="1" description="" />
   <keyValuePair key="ibufds" value="1" description="" />
   <keyValuePair key="lut1" value="10" description="" />
   <keyValuePair key="lut2" value="53" description="" />
   <keyValuePair key="lut3" value="26" description="" />
   <keyValuePair key="lut4" value="18" description="" />
   <keyValuePair key="lut5" value="11" description="" />
   <keyValuePair key="lut6" value="13" description="" />
   <keyValuePair key="mmcme2_adv" value="1" description="" />
   <keyValuePair key="obuf" value="29" description="" />
   <keyValuePair key="ramb18e1" value="1" description="" />
   <keyValuePair key="vcc" value="5" description="" />
  </section>
  <section name="pre_unisim_transformation" level="2" order="2" description="">
   <keyValuePair key="bufg" value="3" description="" />
   <keyValuePair key="carry4" value="29" description="" />
   <keyValuePair key="fdce" value="96" description="" />
   <keyValuePair key="fdre" value="35" description="" />
   <keyValuePair key="fdse" value="1" description="" />
   <keyValuePair key="gnd" value="9" description="" />
   <keyValuePair key="ibuf" value="1" description="" />
   <keyValuePair key="ibufds" value="1" description="" />
   <keyValuePair key="lut1" value="10" description="" />
   <keyValuePair key="lut2" value="53" description="" />
   <keyValuePair key="lut3" value="26" description="" />
   <keyValuePair key="lut4" value="18" description="" />
   <keyValuePair key="lut5" value="11" description="" />
   <keyValuePair key="lut6" value="13" description="" />
   <keyValuePair key="mmcme2_adv" value="1" description="" />
   <keyValuePair key="obuf" value="29" description="" />
   <keyValuePair key="ramb18e1" value="1" description="" />
   <keyValuePair key="vcc" value="5" description="" />
  </section>
 </section>
 <section name="vivado_usage" level="1" order="11" description="">
  <section name="gui_handlers" level="2" order="1" description="">
   <keyValuePair key="basedialog_ok" value="6" description="" />
   <keyValuePair key="basedialog_yes" value="1" description="" />
   <keyValuePair key="basereporttab_rerun" value="1" description="" />
   <keyValuePair key="cmdmsgdialog_ok" value="1" description="" />
   <keyValuePair key="commandsinput_type_tcl_command_here" value="1" description="" />
   <keyValuePair key="expruntreepanel_exp_run_tree_table" value="1" description="" />
   <keyValuePair key="filesetpanel_file_set_panel_tree" value="36" description="" />
   <keyValuePair key="flownavigatortreepanel_flow_navigator_tree" value="9" description="" />
   <keyValuePair key="gettingstartedview_open_project" value="1" description="" />
   <keyValuePair key="hardwaretreepanel_hardware_tree_table" value="4" description="" />
   <keyValuePair key="ipstatussectionpanel_upgrade_selected" value="2" description="" />
   <keyValuePair key="mainmenumgr_checkpoint" value="1" description="" />
   <keyValuePair key="mainmenumgr_edit" value="4" description="" />
   <keyValuePair key="mainmenumgr_export" value="2" description="" />
   <keyValuePair key="mainmenumgr_file" value="10" description="" />
   <keyValuePair key="mainmenumgr_flow" value="2" description="" />
   <keyValuePair key="mainmenumgr_ip" value="1" description="" />
   <keyValuePair key="mainmenumgr_open_recent_file" value="1" description="" />
   <keyValuePair key="mainmenumgr_open_recent_project" value="2" description="" />
   <keyValuePair key="mainmenumgr_project" value="3" description="" />
   <keyValuePair key="mainmenumgr_text_editor" value="2" description="" />
   <keyValuePair key="maintoolbarmgr_run" value="1" description="" />
   <keyValuePair key="pacommandnames_auto_connect_target" value="2" description="" />
   <keyValuePair key="pacommandnames_open_project" value="3" description="" />
   <keyValuePair key="pacommandnames_program_fpga" value="2" description="" />
   <keyValuePair key="pacommandnames_reset_run_to_previous_step" value="1" description="" />
   <keyValuePair key="pacommandnames_run_synthesis" value="1" description="" />
   <keyValuePair key="pacommandnames_upgrade_ip" value="3" description="" />
   <keyValuePair key="paviews_project_summary" value="1" description="" />
   <keyValuePair key="programdebugtab_open_target" value="2" description="" />
   <keyValuePair key="programfpgadialog_program" value="2" description="" />
   <keyValuePair key="progressdialog_background" value="1" description="" />
   <keyValuePair key="rdicommands_save_file" value="2" description="" />
   <keyValuePair key="saveprojectutils_save" value="2" description="" />
   <keyValuePair key="simpleoutputproductdialog_generate_output_products_immediately" value="1" description="" />
   <keyValuePair key="srcmenu_ip_documentation" value="3" description="" />
   <keyValuePair key="stalemoreaction_force_up_to_date" value="1" description="" />
   <keyValuePair key="stalemoreaction_out_of_date_details" value="1" description="" />
  </section>
  <section name="java_command_handlers" level="2" order="2" description="">
   <keyValuePair key="autoconnecttarget" value="2" description="" />
   <keyValuePair key="launchprogramfpga" value="2" description="" />
   <keyValuePair key="newproject" value="-1" description="" />
   <keyValuePair key="openhardwaremanager" value="2" description="" />
   <keyValuePair key="openproject" value="4" description="" />
   <keyValuePair key="runbitgen" value="3" description="" />
   <keyValuePair key="runsynthesis" value="2" description="" />
   <keyValuePair key="upgradeip" value="4" description="" />
   <keyValuePair key="viewtaskprojectmanager" value="1" description="" />
  </section>
  <section name="other_data" level="2" order="3" description="">
   <keyValuePair key="guimode" value="9" description="" />
  </section>
  <section name="project_data" level="2" order="4" description="">
   <keyValuePair key="constraintsetcount" value="1" description="" />
   <keyValuePair key="core_container" value="false" description="" />
   <keyValuePair key="currentimplrun" value="impl_1" description="" />
   <keyValuePair key="currentsynthesisrun" value="synth_1" description="" />
   <keyValuePair key="default_library" value="xil_defaultlib" description="" />
   <keyValuePair key="designmode" value="RTL" description="" />
   <keyValuePair key="export_simulation_activehdl" value="1" description="" />
   <keyValuePair key="export_simulation_ies" value="1" description="" />
   <keyValuePair key="export_simulation_modelsim" value="1" description="" />
   <keyValuePair key="export_simulation_questa" value="1" description="" />
   <keyValuePair key="export_simulation_riviera" value="1" description="" />
   <keyValuePair key="export_simulation_vcs" value="1" description="" />
   <keyValuePair key="export_simulation_xsim" value="1" description="" />
   <keyValuePair key="implstrategy" value="Vivado Implementation Defaults" description="" />
   <keyValuePair key="launch_simulation_activehdl" value="0" description="" />
   <keyValuePair key="launch_simulation_ies" value="0" description="" />
   <keyValuePair key="launch_simulation_modelsim" value="0" description="" />
   <keyValuePair key="launch_simulation_questa" value="0" description="" />
   <keyValuePair key="launch_simulation_riviera" value="0" description="" />
   <keyValuePair key="launch_simulation_vcs" value="0" description="" />
   <keyValuePair key="launch_simulation_xsim" value="0" description="" />
   <keyValuePair key="simulator_language" value="Mixed" description="" />
   <keyValuePair key="srcsetcount" value="7" description="" />
   <keyValuePair key="synthesisstrategy" value="Vivado Synthesis Defaults" description="" />
   <keyValuePair key="target_language" value="Verilog" description="" />
   <keyValuePair key="target_simulator" value="XSim" description="" />
   <keyValuePair key="totalimplruns" value="3" description="" />
   <keyValuePair key="totalsynthesisruns" value="3" description="" />
  </section>
 </section>
</section>
</webTalkData>
