<?xml version="1.0"?>
<Runs Version="1" Minor="0">
	<Run Id="adc_pll_synth_1" LaunchDir="/home/extern_disk/meisq/ax7203/ad9280_ethernet/adc_ethernet.runs/adc_pll_synth_1" FlowId="Vivado_Synthesis" FromStepId="vivado" ToStepId="vivado"/>
	<Run Id="afifo_16i_64o_512_synth_1" LaunchDir="/home/extern_disk/meisq/ax7203/ad9280_ethernet/adc_ethernet.runs/afifo_16i_64o_512_synth_1" FlowId="Vivado_Synthesis" FromStepId="vivado" ToStepId="vivado"/>
	<Run Id="afifo_64i_16o_128_synth_1" LaunchDir="/home/extern_disk/meisq/ax7203/ad9280_ethernet/adc_ethernet.runs/afifo_64i_16o_128_synth_1" FlowId="Vivado_Synthesis" FromStepId="vivado" ToStepId="vivado"/>
	<Run Id="ddr3_synth_1" LaunchDir="/home/extern_disk/meisq/ax7203/ad9280_ethernet/adc_ethernet.runs/ddr3_synth_1" FlowId="Vivado_Synthesis" FromStepId="vivado" ToStepId="vivado"/>
	<Run Id="synth_1" LaunchDir="/home/extern_disk/meisq/ax7203/ad9280_ethernet/adc_ethernet.runs/synth_1" FlowId="Vivado_Synthesis" FromStepId="vivado" ToStepId="vivado">
		<Parent Id="adc_pll_synth_1"/>
		<Parent Id="afifo_16i_64o_512_synth_1"/>
		<Parent Id="afifo_64i_16o_128_synth_1"/>
		<Parent Id="ddr3_synth_1"/>
	</Run>
	<Run Id="impl_1" LaunchDir="/home/extern_disk/meisq/ax7203/ad9280_ethernet/adc_ethernet.runs/impl_1" FlowId="Vivado_Implementation" FromStepId="init_design" ToStepId="write_bitstream">
		<Parent Id="synth_1"/>
		<Parent Id="adc_pll_synth_1"/>
		<Parent Id="afifo_16i_64o_512_synth_1"/>
		<Parent Id="afifo_64i_16o_128_synth_1"/>
		<Parent Id="ddr3_synth_1"/>
	</Run>
	<Parameters>
		<Parameter Name="runs.monitorLSFJobs" Val="true" Type="bool"/>
	</Parameters>
</Runs>

