<?xml version="1.0" encoding="UTF-8"?>
<GenRun Id="impl_1" LaunchPart="xc7a200tfbg484-2" LaunchTime="1677215687">
  <File Type="WBT-USG" Name="usage_statistics_webtalk.html"/>
  <File Type="RDI-RDI" Name="video_ethernet.vdi"/>
  <File Type="BG-DRC" Name="video_ethernet.drc"/>
  <File Type="BG-BGN" Name="video_ethernet.bgn"/>
  <File Type="BITSTR-SYSDEF" Name="video_ethernet.sysdef"/>
  <File Type="BITSTR-LTX" Name="debug_nets.ltx"/>
  <File Type="BITSTR-LTX" Name="video_ethernet.ltx"/>
  <File Type="BITSTR-MMI" Name="video_ethernet.mmi"/>
  <File Type="BITSTR-BMM" Name="video_ethernet_bd.bmm"/>
  <File Type="BITSTR-NKY" Name="video_ethernet.nky"/>
  <File Type="BITSTR-RBT" Name="video_ethernet.rbt"/>
  <File Type="BITSTR-MSK" Name="video_ethernet.msk"/>
  <File Type="BG-BIN" Name="video_ethernet.bin"/>
  <File Type="BG-BIT" Name="video_ethernet.bit"/>
  <File Type="POSTROUTE-PHYSOPT-BUS-SKEW-RPX" Name="video_ethernet_bus_skew_postroute_physopted.rpx"/>
  <File Type="POSTROUTE-PHYSOPT-BUS-SKEW-PB" Name="video_ethernet_bus_skew_postroute_physopted.pb"/>
  <File Type="POSTROUTE-PHYSOPT-BUS-SKEW" Name="video_ethernet_bus_skew_postroute_physopted.rpt"/>
  <File Type="POSTROUTE-PHYSOPT-TIMING-RPX" Name="video_ethernet_timing_summary_postroute_physopted.rpx"/>
  <File Type="POSTROUTE-PHYSOPT-TIMING-PB" Name="video_ethernet_timing_summary_postroute_physopted.pb"/>
  <File Type="POSTROUTE-PHYSOPT-TIMING" Name="video_ethernet_timing_summary_postroute_physopted.rpt"/>
  <File Type="POSTROUTE-PHYSOPT-BLACKBOX-DCP" Name="video_ethernet_postroute_physopt_bb.dcp"/>
  <File Type="POSTROUTE-PHYSOPT-DCP" Name="video_ethernet_postroute_physopt.dcp"/>
  <File Type="ROUTE-BUS-SKEW-RPX" Name="video_ethernet_bus_skew_routed.rpx"/>
  <File Type="ROUTE-BUS-SKEW-PB" Name="video_ethernet_bus_skew_routed.pb"/>
  <File Type="ROUTE-BUS-SKEW" Name="video_ethernet_bus_skew_routed.rpt"/>
  <File Type="ROUTE-CLK" Name="video_ethernet_clock_utilization_routed.rpt"/>
  <File Type="ROUTE-SIMILARITY" Name="video_ethernet_incremental_reuse_routed.rpt"/>
  <File Type="ROUTE-TIMING-RPX" Name="video_ethernet_timing_summary_routed.rpx"/>
  <File Type="ROUTE-TIMING-PB" Name="video_ethernet_timing_summary_routed.pb"/>
  <File Type="ROUTE-TIMINGSUMMARY" Name="video_ethernet_timing_summary_routed.rpt"/>
  <File Type="ROUTE-STATUS-PB" Name="video_ethernet_route_status.pb"/>
  <File Type="ROUTE-STATUS" Name="video_ethernet_route_status.rpt"/>
  <File Type="ROUTE-PWR-RPX" Name="video_ethernet_power_routed.rpx"/>
  <File Type="ROUTE-PWR-SUM" Name="video_ethernet_power_summary_routed.pb"/>
  <File Type="ROUTE-PWR" Name="video_ethernet_power_routed.rpt"/>
  <File Type="ROUTE-METHODOLOGY-DRC-PB" Name="video_ethernet_methodology_drc_routed.pb"/>
  <File Type="ROUTE-METHODOLOGY-DRC-RPX" Name="video_ethernet_methodology_drc_routed.rpx"/>
  <File Type="ROUTE-METHODOLOGY-DRC" Name="video_ethernet_methodology_drc_routed.rpt"/>
  <File Type="ROUTE-DRC-RPX" Name="video_ethernet_drc_routed.rpx"/>
  <File Type="ROUTE-DRC-PB" Name="video_ethernet_drc_routed.pb"/>
  <File Type="ROUTE-DRC" Name="video_ethernet_drc_routed.rpt"/>
  <File Type="ROUTE-BLACKBOX-DCP" Name="video_ethernet_routed_bb.dcp"/>
  <File Type="ROUTE-DCP" Name="video_ethernet_routed.dcp"/>
  <File Type="ROUTE-ERROR-DCP" Name="video_ethernet_routed_error.dcp"/>
  <File Type="PHYSOPT-TIMING" Name="video_ethernet_timing_summary_physopted.rpt"/>
  <File Type="PHYSOPT-DRC" Name="video_ethernet_drc_physopted.rpt"/>
  <File Type="PHYSOPT-DCP" Name="video_ethernet_physopt.dcp"/>
  <File Type="POSTPLACE-PWROPT-TIMING" Name="video_ethernet_timing_summary_postplace_pwropted.rpt"/>
  <File Type="POSTPLACE-PWROPT-DCP" Name="video_ethernet_postplace_pwropt.dcp"/>
  <File Type="PLACE-TIMING" Name="video_ethernet_timing_summary_placed.rpt"/>
  <File Type="PLACE-PRE-SIMILARITY" Name="video_ethernet_incremental_reuse_pre_placed.rpt"/>
  <File Type="PLACE-SIMILARITY" Name="video_ethernet_incremental_reuse_placed.rpt"/>
  <File Type="PLACE-CTRL" Name="video_ethernet_control_sets_placed.rpt"/>
  <File Type="PLACE-UTIL-PB" Name="video_ethernet_utilization_placed.pb"/>
  <File Type="PLACE-UTIL" Name="video_ethernet_utilization_placed.rpt"/>
  <File Type="PLACE-CLK" Name="video_ethernet_clock_utilization_placed.rpt"/>
  <File Type="PLACE-IO" Name="video_ethernet_io_placed.rpt"/>
  <File Type="PLACE-DCP" Name="video_ethernet_placed.dcp"/>
  <File Type="PWROPT-DRC" Name="video_ethernet_drc_pwropted.rpt"/>
  <File Type="PWROPT-DCP" Name="video_ethernet_pwropt.dcp"/>
  <File Type="OPT-HWDEF" Name="video_ethernet.hwdef"/>
  <File Type="OPT-METHODOLOGY-DRC" Name="video_ethernet_methodology_drc_opted.rpt"/>
  <File Type="OPT-DRC" Name="video_ethernet_drc_opted.rpt"/>
  <File Type="OPT-DCP" Name="video_ethernet_opt.dcp"/>
  <File Type="INIT-TIMING" Name="video_ethernet_timing_summary_init.rpt"/>
  <File Type="PWROPT-TIMING" Name="video_ethernet_timing_summary_pwropted.rpt"/>
  <File Type="REPORTS-TCL" Name="video_ethernet_reports.tcl"/>
  <File Type="OPT-TIMING" Name="video_ethernet_timing_summary_opted.rpt"/>
  <File Type="PA-TCL" Name="video_ethernet.tcl"/>
  <FileSet Name="sources" Type="DesignSrcs" RelSrcDir="$PSRCDIR/sources_1">
    <Filter Type="Srcs"/>
    <File Path="$PSRCDIR/sources_1/new/mac/arp_cache.v">
      <FileInfo>
        <Attr Name="UsedIn" Val="synthesis"/>
        <Attr Name="UsedIn" Val="implementation"/>
        <Attr Name="UsedIn" Val="simulation"/>
      </FileInfo>
    </File>
    <File Path="$PSRCDIR/sources_1/new/mac/rx/arp_rx.v">
      <FileInfo>
        <Attr Name="UsedIn" Val="synthesis"/>
        <Attr Name="UsedIn" Val="implementation"/>
        <Attr Name="UsedIn" Val="simulation"/>
      </FileInfo>
    </File>
    <File Path="$PSRCDIR/sources_1/new/mac/tx/arp_tx.v">
      <FileInfo>
        <Attr Name="UsedIn" Val="synthesis"/>
        <Attr Name="UsedIn" Val="implementation"/>
        <Attr Name="UsedIn" Val="simulation"/>
      </FileInfo>
    </File>
    <File Path="$PSRCDIR/sources_1/new/camera_delay.v">
      <FileInfo>
        <Attr Name="UsedIn" Val="synthesis"/>
        <Attr Name="UsedIn" Val="implementation"/>
        <Attr Name="UsedIn" Val="simulation"/>
      </FileInfo>
    </File>
    <File Path="$PSRCDIR/sources_1/new/cmos_select.v">
      <FileInfo>
        <Attr Name="UsedIn" Val="synthesis"/>
        <Attr Name="UsedIn" Val="implementation"/>
        <Attr Name="UsedIn" Val="simulation"/>
      </FileInfo>
    </File>
    <File Path="$PSRCDIR/sources_1/new/mac/crc.v">
      <FileInfo>
        <Attr Name="UsedIn" Val="synthesis"/>
        <Attr Name="UsedIn" Val="implementation"/>
        <Attr Name="UsedIn" Val="simulation"/>
      </FileInfo>
    </File>
    <File Path="$PSRCDIR/sources_1/new/mac/dpram.v">
      <FileInfo>
        <Attr Name="UsedIn" Val="synthesis"/>
        <Attr Name="UsedIn" Val="implementation"/>
        <Attr Name="UsedIn" Val="simulation"/>
      </FileInfo>
    </File>
    <File Path="$PSRCDIR/sources_1/new/i2c_master/i2c_config.v">
      <FileInfo>
        <Attr Name="UsedIn" Val="synthesis"/>
        <Attr Name="UsedIn" Val="implementation"/>
        <Attr Name="UsedIn" Val="simulation"/>
      </FileInfo>
    </File>
    <File Path="$PSRCDIR/sources_1/new/i2c_master/i2c_master_defines.v">
      <FileInfo>
        <Attr Name="UsedIn" Val="synthesis"/>
        <Attr Name="UsedIn" Val="implementation"/>
        <Attr Name="UsedIn" Val="simulation"/>
      </FileInfo>
    </File>
    <File Path="$PSRCDIR/sources_1/new/i2c_master/timescale.v">
      <FileInfo>
        <Attr Name="UsedIn" Val="synthesis"/>
        <Attr Name="UsedIn" Val="implementation"/>
        <Attr Name="UsedIn" Val="simulation"/>
      </FileInfo>
    </File>
    <File Path="$PSRCDIR/sources_1/new/i2c_master/i2c_master_bit_ctrl.v">
      <FileInfo>
        <Attr Name="UsedIn" Val="synthesis"/>
        <Attr Name="UsedIn" Val="implementation"/>
        <Attr Name="UsedIn" Val="simulation"/>
      </FileInfo>
    </File>
    <File Path="$PSRCDIR/sources_1/new/i2c_master/i2c_master_byte_ctrl.v">
      <FileInfo>
        <Attr Name="UsedIn" Val="synthesis"/>
        <Attr Name="UsedIn" Val="implementation"/>
        <Attr Name="UsedIn" Val="simulation"/>
      </FileInfo>
    </File>
    <File Path="$PSRCDIR/sources_1/new/i2c_master/i2c_master_top.v">
      <FileInfo>
        <Attr Name="UsedIn" Val="synthesis"/>
        <Attr Name="UsedIn" Val="implementation"/>
        <Attr Name="UsedIn" Val="simulation"/>
      </FileInfo>
    </File>
    <File Path="$PSRCDIR/sources_1/new/mac/icmp_reply.v">
      <FileInfo>
        <Attr Name="UsedIn" Val="synthesis"/>
        <Attr Name="UsedIn" Val="implementation"/>
        <Attr Name="UsedIn" Val="simulation"/>
      </FileInfo>
    </File>
    <File Path="$PSRCDIR/sources_1/new/mac/rx/ip_rx.v">
      <FileInfo>
        <Attr Name="UsedIn" Val="synthesis"/>
        <Attr Name="UsedIn" Val="implementation"/>
        <Attr Name="UsedIn" Val="simulation"/>
      </FileInfo>
    </File>
    <File Path="$PSRCDIR/sources_1/new/mac/tx/ip_tx.v">
      <FileInfo>
        <Attr Name="UsedIn" Val="synthesis"/>
        <Attr Name="UsedIn" Val="implementation"/>
        <Attr Name="UsedIn" Val="simulation"/>
      </FileInfo>
    </File>
    <File Path="$PSRCDIR/sources_1/new/mac/tx/ip_tx_mode.v">
      <FileInfo>
        <Attr Name="UsedIn" Val="synthesis"/>
        <Attr Name="UsedIn" Val="implementation"/>
        <Attr Name="UsedIn" Val="simulation"/>
      </FileInfo>
    </File>
    <File Path="$PSRCDIR/sources_1/new/lut_ov5640_rgb565_800_600.v">
      <FileInfo>
        <Attr Name="UsedIn" Val="synthesis"/>
        <Attr Name="UsedIn" Val="implementation"/>
        <Attr Name="UsedIn" Val="simulation"/>
      </FileInfo>
    </File>
    <File Path="$PSRCDIR/sources_1/new/mac/rx/mac_rx.v">
      <FileInfo>
        <Attr Name="UsedIn" Val="synthesis"/>
        <Attr Name="UsedIn" Val="implementation"/>
        <Attr Name="UsedIn" Val="simulation"/>
      </FileInfo>
    </File>
    <File Path="$PSRCDIR/sources_1/new/mac/rx/mac_rx_top.v">
      <FileInfo>
        <Attr Name="UsedIn" Val="synthesis"/>
        <Attr Name="UsedIn" Val="implementation"/>
        <Attr Name="UsedIn" Val="simulation"/>
      </FileInfo>
    </File>
    <File Path="$PSRCDIR/sources_1/new/mac/mac_test.v">
      <FileInfo>
        <Attr Name="UsedIn" Val="synthesis"/>
        <Attr Name="UsedIn" Val="implementation"/>
        <Attr Name="UsedIn" Val="simulation"/>
      </FileInfo>
    </File>
    <File Path="$PSRCDIR/sources_1/new/mac/mac_top.v">
      <FileInfo>
        <Attr Name="UsedIn" Val="synthesis"/>
        <Attr Name="UsedIn" Val="implementation"/>
        <Attr Name="UsedIn" Val="simulation"/>
      </FileInfo>
    </File>
    <File Path="$PSRCDIR/sources_1/new/mac/tx/mac_tx.v">
      <FileInfo>
        <Attr Name="UsedIn" Val="synthesis"/>
        <Attr Name="UsedIn" Val="implementation"/>
        <Attr Name="UsedIn" Val="simulation"/>
      </FileInfo>
    </File>
    <File Path="$PSRCDIR/sources_1/new/mac/tx/mac_tx_mode.v">
      <FileInfo>
        <Attr Name="UsedIn" Val="synthesis"/>
        <Attr Name="UsedIn" Val="implementation"/>
        <Attr Name="UsedIn" Val="simulation"/>
      </FileInfo>
    </File>
    <File Path="$PSRCDIR/sources_1/new/mac/tx/mac_tx_top.v">
      <FileInfo>
        <Attr Name="UsedIn" Val="synthesis"/>
        <Attr Name="UsedIn" Val="implementation"/>
        <Attr Name="UsedIn" Val="simulation"/>
      </FileInfo>
    </File>
    <File Path="$PSRCDIR/sources_1/new/mac/rx/udp_rx.v">
      <FileInfo>
        <Attr Name="UsedIn" Val="synthesis"/>
        <Attr Name="UsedIn" Val="implementation"/>
        <Attr Name="UsedIn" Val="simulation"/>
      </FileInfo>
    </File>
    <File Path="$PSRCDIR/sources_1/new/mac/tx/udp_tx.v">
      <FileInfo>
        <Attr Name="UsedIn" Val="synthesis"/>
        <Attr Name="UsedIn" Val="implementation"/>
        <Attr Name="UsedIn" Val="simulation"/>
      </FileInfo>
    </File>
    <File Path="$PSRCDIR/sources_1/new/video_ethernet.v">
      <FileInfo>
        <Attr Name="UsedIn" Val="synthesis"/>
        <Attr Name="UsedIn" Val="implementation"/>
        <Attr Name="UsedIn" Val="simulation"/>
      </FileInfo>
    </File>
    <Config>
      <Option Name="DesignMode" Val="RTL"/>
      <Option Name="TopModule" Val="video_ethernet"/>
      <Option Name="TopAutoSet" Val="TRUE"/>
    </Config>
  </FileSet>
  <FileSet Name="constrs_in" Type="Constrs" RelSrcDir="$PSRCDIR/constrs_1">
    <Filter Type="Constrs"/>
    <File Path="$PSRCDIR/constrs_1/new/video_ethernet.xdc">
      <FileInfo>
        <Attr Name="UsedIn" Val="synthesis"/>
        <Attr Name="UsedIn" Val="implementation"/>
      </FileInfo>
    </File>
    <Config>
      <Option Name="ConstrsType" Val="XDC"/>
    </Config>
  </FileSet>
  <FileSet Name="utils" Type="Utils" RelSrcDir="$PSRCDIR/utils_1">
    <Filter Type="Utils"/>
    <Config>
      <Option Name="TopAutoSet" Val="TRUE"/>
    </Config>
  </FileSet>
  <Strategy Version="1" Minor="2">
    <StratHandle Name="Vivado Implementation Defaults" Flow="Vivado Implementation 2017"/>
    <Step Id="init_design"/>
    <Step Id="opt_design"/>
    <Step Id="power_opt_design"/>
    <Step Id="place_design"/>
    <Step Id="post_place_power_opt_design"/>
    <Step Id="phys_opt_design"/>
    <Step Id="route_design"/>
    <Step Id="post_route_phys_opt_design"/>
    <Step Id="write_bitstream"/>
  </Strategy>
  <BlockFileSet Type="BlockSrcs" Name="camera_fifo"/>
</GenRun>
