<?xml version="1.0"?>
<Runs Version="1" Minor="0">
	<Run Id="sys_pll_synth_1" LaunchDir="/home/extern_disk/meisq/ax7203/sd_card_audio/sd_card_audio/sd_card_audio.runs/sys_pll_synth_1" FlowId="Vivado_Synthesis" FromStepId="vivado" ToStepId="vivado"/>
	<Run Id="afifo_8i_32o_1024_synth_1" LaunchDir="/home/extern_disk/meisq/ax7203/sd_card_audio/sd_card_audio/sd_card_audio.runs/afifo_8i_32o_1024_synth_1" FlowId="Vivado_Synthesis" FromStepId="vivado" ToStepId="vivado"/>
	<Run Id="synth_1" LaunchDir="/home/extern_disk/meisq/ax7203/sd_card_audio/sd_card_audio/sd_card_audio.runs/synth_1" FlowId="Vivado_Synthesis" FromStepId="vivado" ToStepId="vivado">
		<Parent Id="sys_pll_synth_1"/>
		<Parent Id="afifo_8i_32o_1024_synth_1"/>
	</Run>
	<Run Id="impl_1" LaunchDir="/home/extern_disk/meisq/ax7203/sd_card_audio/sd_card_audio/sd_card_audio.runs/impl_1" FlowId="Vivado_Implementation" FromStepId="init_design" ToStepId="write_bitstream">
		<Parent Id="synth_1"/>
		<Parent Id="sys_pll_synth_1"/>
		<Parent Id="afifo_8i_32o_1024_synth_1"/>
	</Run>
	<Parameters>
		<Parameter Name="runs.monitorLSFJobs" Val="true" Type="bool"/>
	</Parameters>
</Runs>

