<?xml version="1.0" encoding="UTF-8"?>
<!-- Product Version: Vivado v2019.1 (64-bit)                     -->
<!--                                                              -->
<!-- Copyright 1986-2019 Xilinx, Inc. All Rights Reserved.        -->

<hwsession version="1" minor="2">
  <device name="xc7a100t_0" gui_info=""/>
  <ObjectList object_type="hw_device" gui_info="">
    <Object name="xc7a100t_0" gui_info="">
      <Properties Property="FULL_PROBES.FILE" value=""/>
      <Properties Property="PROBES.FILE" value=""/>
      <Properties Property="PROGRAM.HW_BITSTREAM" value="$_project_name_.runs/impl_1/example_ibert_7series_gtp_0.bit"/>
      <Properties Property="SLR.COUNT" value="1"/>
    </Object>
  </ObjectList>
  <ObjectList object_type="hw_sio_link" gui_info="">
    <Object name="0_1_0/IBERT/Quad_216/MGT_X0Y4/TX->0_1_0/IBERT/Quad_216/MGT_X0Y5/RX" gui_info="">
      <Attributes Attribute="RX_HANDLE" value="0_1_0/IBERT/Quad_216/MGT_X0Y5/RX"/>
      <Attributes Attribute="TX_HANDLE" value="0_1_0/IBERT/Quad_216/MGT_X0Y4/TX"/>
      <Properties Property="DESCRIPTION" value="Found 1"/>
    </Object>
    <Object name="0_1_0/IBERT/Quad_216/MGT_X0Y5/TX->0_1_0/IBERT/Quad_216/MGT_X0Y4/RX" gui_info="">
      <Attributes Attribute="RX_HANDLE" value="0_1_0/IBERT/Quad_216/MGT_X0Y4/RX"/>
      <Attributes Attribute="TX_HANDLE" value="0_1_0/IBERT/Quad_216/MGT_X0Y5/TX"/>
      <Properties Property="DESCRIPTION" value="Found 0"/>
    </Object>
    <Object name="0_1_0/IBERT/Quad_216/MGT_X0Y6/TX->0_1_0/IBERT/Quad_216/MGT_X0Y7/RX" gui_info="">
      <Attributes Attribute="RX_HANDLE" value="0_1_0/IBERT/Quad_216/MGT_X0Y7/RX"/>
      <Attributes Attribute="TX_HANDLE" value="0_1_0/IBERT/Quad_216/MGT_X0Y6/TX"/>
      <Properties Property="DESCRIPTION" value="Link 3"/>
    </Object>
    <Object name="0_1_0/IBERT/Quad_216/MGT_X0Y7/TX->0_1_0/IBERT/Quad_216/MGT_X0Y6/RX" gui_info="">
      <Attributes Attribute="RX_HANDLE" value="0_1_0/IBERT/Quad_216/MGT_X0Y6/RX"/>
      <Attributes Attribute="TX_HANDLE" value="0_1_0/IBERT/Quad_216/MGT_X0Y7/TX"/>
      <Properties Property="DESCRIPTION" value="Link 2"/>
    </Object>
  </ObjectList>
  <ObjectList object_type="hw_sio_linkgroup" gui_info="">
    <Object name="LINKGROUP_0" gui_info="">
      <Attributes Attribute="LINK_HANDLE0" value="0_1_0/IBERT/Quad_216/MGT_X0Y5/TX->0_1_0/IBERT/Quad_216/MGT_X0Y4/RX"/>
      <Attributes Attribute="LINK_HANDLE1" value="0_1_0/IBERT/Quad_216/MGT_X0Y4/TX->0_1_0/IBERT/Quad_216/MGT_X0Y5/RX"/>
      <Properties Property="DESCRIPTION" value="Found Links"/>
    </Object>
    <Object name="LINKGROUP_1" gui_info="">
      <Attributes Attribute="LINK_HANDLE0" value="0_1_0/IBERT/Quad_216/MGT_X0Y7/TX->0_1_0/IBERT/Quad_216/MGT_X0Y6/RX"/>
      <Attributes Attribute="LINK_HANDLE1" value="0_1_0/IBERT/Quad_216/MGT_X0Y6/TX->0_1_0/IBERT/Quad_216/MGT_X0Y7/RX"/>
      <Properties Property="DESCRIPTION" value="Link Group 1"/>
    </Object>
  </ObjectList>
  <probeset name="hw project" active="false"/>
</hwsession>
